ship_to_key,ship_to_name,city,state,months_active,first_month,last_month,avg_breadth,peak_breadth,slope_skus_per_month,bucket
UPTOWN ESSENTIALS-PSP AP|Palm Springs|CA|92262|US,UPTOWN ESSENTIALS-PSP AP,Palm Springs,CA,2,2026-03,2026-04,6,7,0.391,Expanding
La Palmas Oasis -- PSP|Palm Springs|CA|92262|US,La Palmas Oasis -- PSP,Palm Springs,CA,4,2026-01,2026-04,4,6,0.364,Expanding
Eastbank Market @ PDX|Portland|OR|97220|US,Eastbank Market @ PDX,Portland,OR,3,2026-03,2026-05,3,4,0.345,Expanding
DISTRICT MARKET-SFO AP|San Francisco|CA|94128|US,DISTRICT MARKET-SFO AP,San Francisco,CA,10,2025-08,2026-05,3.7,6,0.336,Expanding
EASTERN MARKET-DCA|Dayton|NJ|08810|US,EASTERN MARKET-DCA,Dayton,NJ,2,2026-04,2026-05,3.5,4,0.282,Expanding
TRAVEL + RIGHT-SLC|SALT LAKE CITY|UT|84116|US,TRAVEL + RIGHT-SLC,SALT LAKE CITY,UT,5,2025-10,2026-04,3.4,5,0.264,Expanding
Duke City Station @ ABQ|ALBUQUERQUE|NM|87106|US,Duke City Station @ ABQ,ALBUQUERQUE,NM,1,2026-05,2026-05,5,5,0.227,Expanding
LICK-DFW AIRPORT|DALLAS|TX|75261|US,LICK-DFW AIRPORT,DALLAS,TX,6,2025-08,2026-05,3.67,5,0.209,Expanding
THE ARTS DISTRICT MARKET - SAN|SAN DIEGO|CA|92110|US,THE ARTS DISTRICT MARKET - SAN,SAN DIEGO,CA,7,2025-09,2026-05,3.86,5,0.191,Expanding
0543 BARBUR FOODS - PDX|PORTLAND|OR|97220|US,0543 BARBUR FOODS - PDX,PORTLAND,OR,1,2026-04,2026-04,5,5,0.182,Expanding
DC ARTS DISTRICT MARKET-DCA|Dayton|NJ|08810|US,DC ARTS DISTRICT MARKET-DCA,Dayton,NJ,1,2026-04,2026-04,5,5,0.182,Expanding
Penn's Landing @ PHL|Dayton|NJ|08810|US,Penn's Landing @ PHL,Dayton,NJ,1,2026-05,2026-05,4,4,0.182,Expanding
SLC Public Market-SPace #CAE 2-003|Salt Lake City|UT|84116|US,SLC Public Market-SPace #CAE 2-003,Salt Lake City,UT,1,2026-05,2026-05,4,4,0.182,Expanding
LARIMER STREET MARKET-DEN AP|Denver|CO|80203|US,LARIMER STREET MARKET-DEN AP,Denver,CO,2,2025-12,2026-03,4.5,6,0.164,Expanding
MADE IN KC- MCI AP|Kansas City|MO|64153|US,MADE IN KC- MCI AP,Kansas City,MO,5,2025-07,2026-04,3.4,5,0.164,Expanding
MRG KANSAS CITY LLC - SPACE # CC2-090|KANSAS CITY|MO|64153|US,MRG KANSAS CITY LLC - SPACE # CC2-090,KANSAS CITY,MO,2,2026-01,2026-03,3.5,5,0.155,Expanding
0003 WELCOME LAS VEGAS GRAND CANAL  SHOPS|LAS VEGAS|NV|89109|US,0003 WELCOME LAS VEGAS GRAND CANAL  SHOPS,LAS VEGAS,NV,1,2026-03,2026-03,5,5,0.136,Expanding
0016-WELCOME LAS VEGAS-VENETIAN|LAS VEGAS|NV|89109|US,0016-WELCOME LAS VEGAS-VENETIAN,LAS VEGAS,NV,1,2026-03,2026-03,5,5,0.136,Expanding
0131 IMPULSE-SAHARA|LAS VEGAS|NV|89109|US,0131 IMPULSE-SAHARA,LAS VEGAS,NV,1,2026-03,2026-03,5,5,0.136,Expanding
0143 THE D SHOP|LAS VEGAS|NV|89101|US,0143 THE D SHOP,LAS VEGAS,NV,1,2026-03,2026-03,5,5,0.136,Expanding
0151 WELCOME LAS VEGAS-GRAND CANAL  SHOPS (2|LAS VEGAS|NV|89109|US,0151 WELCOME LAS VEGAS-GRAND CANAL  SHOPS (2,LAS VEGAS,NV,1,2026-03,2026-03,5,5,0.136,Expanding
0153 FUEL AT CIRCA|LAS VEGAS|NV|89101|US,0153 FUEL AT CIRCA,LAS VEGAS,NV,1,2026-03,2026-03,5,5,0.136,Expanding
0711 TMZ-LAX AIRPORT (TBIT)|EL SEGUNDO|CA|90245|US,0711 TMZ-LAX AIRPORT (TBIT),EL SEGUNDO,CA,1,2026-03,2026-03,5,5,0.136,Expanding
18TH & VINE - MCI AP|KANSAS CITY|MO|64153|US,18TH & VINE - MCI AP,KANSAS CITY,MO,1,2026-03,2026-03,5,5,0.136,Expanding
360-Duke City Station @ ABQ|ALBUQUERQUE|NM|87106|US,360-Duke City Station @ ABQ,ALBUQUERQUE,NM,1,2026-03,2026-03,5,5,0.136,Expanding
BRIGHTLEAF NEWS AND GIFT-RDU  AIRPORT 0603|MORRISVILLE|NC|27560|US,BRIGHTLEAF NEWS AND GIFT-RDU  AIRPORT 0603,MORRISVILLE,NC,1,2026-03,2026-03,5,5,0.136,Expanding
BROOKSIDE LOCAL - MCI AP|KANSAS CITY|MO|64153|US,BROOKSIDE LOCAL - MCI AP,KANSAS CITY,MO,1,2026-03,2026-03,5,5,0.136,Expanding
CITY MARKET - NOBE B SOUTH SPACE #CC2-64|KANSAS CITY|MO|64153|US,CITY MARKET - NOBE B SOUTH SPACE #CC2-64,KANSAS CITY,MO,1,2026-03,2026-03,5,5,0.136,Expanding
CORE LOBBY-OCEAN RESORT CASINO|DAYTON|NJ|08810|US,CORE LOBBY-OCEAN RESORT CASINO,DAYTON,NJ,1,2026-03,2026-03,5,5,0.136,Expanding
CORE REVELRY-OCEAN RESORT CASINO|DAYTON|NJ|08810|US,CORE REVELRY-OCEAN RESORT CASINO,DAYTON,NJ,1,2026-03,2026-03,5,5,0.136,Expanding
DISCOVER NEW JERSEY-EWR AP (B)|DAYTON|NJ|08810|US,DISCOVER NEW JERSEY-EWR AP (B),DAYTON,NJ,1,2026-03,2026-03,5,5,0.136,Expanding
ESSENTIALS-HILTON ELARA|LAS VEGAS|NV|89109|US,ESSENTIALS-HILTON ELARA,LAS VEGAS,NV,1,2026-03,2026-03,5,5,0.136,Expanding
ESSENTIALS-TROP-LAUGHLIN|LAUGHLIN|NV|89029|US,ESSENTIALS-TROP-LAUGHLIN,LAUGHLIN,NV,1,2026-03,2026-03,5,5,0.136,Expanding
EXHILARATE 108-THE STRAT|LAS VEGAS|NV|89104|US,EXHILARATE 108-THE STRAT,LAS VEGAS,NV,1,2026-03,2026-03,5,5,0.136,Expanding
FIVE POINT NEWS AND GIFT-RDU  AIRPORT|MORRISVILLE|NC|27560|US,FIVE POINT NEWS AND GIFT-RDU  AIRPORT,MORRISVILLE,NC,1,2026-03,2026-03,5,5,0.136,Expanding
GIFT SHOP-EDGEWATER|LAUGHLIN|NV|89029|US,GIFT SHOP-EDGEWATER,LAUGHLIN,NV,1,2026-03,2026-03,5,5,0.136,Expanding
GIFT SHOP-FORUM SHOPS (VALET)|LAS VEGAS|NV|89109|US,GIFT SHOP-FORUM SHOPS (VALET),LAS VEGAS,NV,1,2026-03,2026-03,5,5,0.136,Expanding
MAINSTREET MARKET-MCO AIRPORT|ORLANDO|FL|32827|US,MAINSTREET MARKET-MCO AIRPORT,ORLANDO,FL,1,2026-03,2026-03,5,5,0.136,Expanding
PENN STATION - GOTHAM NEWS|Dayton|NJ|08810|US,PENN STATION - GOTHAM NEWS,Dayton,NJ,1,2026-03,2026-03,5,5,0.136,Expanding
REPLENISH-MCO AIRPORT|ORLANDO|FL|32827|US,REPLENISH-MCO AIRPORT,ORLANDO,FL,1,2026-03,2026-03,5,5,0.136,Expanding
SIX POINTS MARKET-ORD AP (T5)|Chicago|IL|60666|US,SIX POINTS MARKET-ORD AP (T5),Chicago,IL,1,2026-03,2026-03,5,5,0.136,Expanding
TELEGRAPH 1ST EDITION AC|DAYTON|NJ|08810|US,TELEGRAPH 1ST EDITION AC,DAYTON,NJ,1,2026-03,2026-03,5,5,0.136,Expanding
WELCOME LAS VEGAS-PROJECT 63|Las Vegas|NV|89109|US,WELCOME LAS VEGAS-PROJECT 63,Las Vegas,NV,1,2026-03,2026-03,5,5,0.136,Expanding
WELCOME LAS VEGAS-THE STRAT|LAS VEGAS|NV|89104|US,WELCOME LAS VEGAS-THE STRAT,LAS VEGAS,NV,1,2026-03,2026-03,5,5,0.136,Expanding
WH SMITH-DEN AP (CNC-A)|DENVER|CO|80203|US,WH SMITH-DEN AP (CNC-A),DENVER,CO,1,2026-03,2026-03,5,5,0.136,Expanding
Welcome to LV-Forum Shops|Las Vegas|NV|89109|US,Welcome to LV-Forum Shops,Las Vegas,NV,1,2026-03,2026-03,5,5,0.136,Expanding
PENN'S LANDING PHL|Dayton|NJ|08811|US,PENN'S LANDING PHL,Dayton,NJ,1,2026-02,2026-02,7,7,0.127,Expanding
DISTRICT MARKET-BWI AIRPORT|DAYTON|NJ|08810|US,DISTRICT MARKET-BWI AIRPORT,DAYTON,NJ,7,2025-08,2026-05,3.71,5,0.127,Expanding
16TH & DOLORES-SFO AP (T2)|SAN FRANCISCO|CA|94128|US,16TH & DOLORES-SFO AP (T2),SAN FRANCISCO,CA,3,2025-10,2026-05,4,5,0.118,Expanding
PUBLIC MARKET-SLC AP|Salt Lake City|UT|84116|US,PUBLIC MARKET-SLC AP,Salt Lake City,UT,1,2026-04,2026-04,3,3,0.109,Expanding
DEPARTURES AT SFO AP|San Francisco|CA|94128|US,DEPARTURES AT SFO AP,San Francisco,CA,2,2025-10,2026-03,3.5,5,0.1,Expanding
"GIFT SHOP-AQUARIUS|LAUGHLIN,|NV|89029|US",GIFT SHOP-AQUARIUS,"LAUGHLIN,",NV,2,2025-10,2026-03,3.5,5,0.1,Expanding
SHOREPOINTS MARKET-EWR AP|Dayton|NJ|08810|US,SHOREPOINTS MARKET-EWR AP,Dayton,NJ,1,2026-02,2026-02,4,4,0.073,Expanding
GOTHAM NEWS-LGA AIRPORT|DAYTON|NJ|08810|US,GOTHAM NEWS-LGA AIRPORT,DAYTON,NJ,1,2026-04,2026-04,2,2,0.073,Expanding
#546 Eastbank Market|Portland|OR|97220|US,#546 Eastbank Market,Portland,OR,1,2026-01,2026-01,7,7,0.064,Expanding
THE BOWERY BAY SHOPS-LGA AP|Dayton|NJ|08810|US,THE BOWERY BAY SHOPS-LGA AP,Dayton,NJ,4,2025-08,2026-03,4.75,6,0.064,Expanding
CITY ARTS MARKET-MCO AP|Orlando|FL|32827|US,CITY ARTS MARKET-MCO AP,Orlando,FL,5,2025-07,2026-03,3.6,5,0.055,Expanding
Fuel @ DTW-A|Detroit|MI|48242|US,Fuel @ DTW-A,Detroit,MI,2,2025-11,2026-02,5,5,0.045,Flat
Motown Greatest Hits #430 Suite 3-2|Detroit|MI|48242|US,Motown Greatest Hits #430 Suite 3-2,Detroit,MI,1,2026-04,2026-04,1,1,0.036,Flat
NATALIES CANDY AT SEA-TAC  AP|Seattle|WA|98158|US,NATALIES CANDY AT SEA-TAC  AP,Seattle,WA,9,2025-07,2026-05,4,6,0.027,Flat
GOTHAM NEWS-MOYNIHAN TRAIN HALL|Dayton|NJ|08810|US,GOTHAM NEWS-MOYNIHAN TRAIN HALL,Dayton,NJ,5,2025-08,2026-03,3.4,5,0.027,Flat
LA PALMAS OASIS-PSP AP|Palm Springs|CA|92262|US,LA PALMAS OASIS-PSP AP,Palm Springs,CA,1,2025-12,2025-12,3,3,0.0,Flat
SILICON VALLEY NEWS-SFO AP|San Francisco|CA|94128|US,SILICON VALLEY NEWS-SFO AP,San Francisco,CA,7,2025-07,2026-05,4.14,5,-0.027,Flat
CAPITOL FILE-DCA AP (T-CNC-7)|Dayton|NJ|08810|US,CAPITOL FILE-DCA AP (T-CNC-7),Dayton,NJ,5,2025-07,2026-03,3.4,5,-0.027,Flat
LA CONFIDENTIAL- LAX AP|El Segundo|CA|90245|US,LA CONFIDENTIAL- LAX AP,El Segundo,CA,4,2025-07,2026-03,3.25,5,-0.036,Flat
SHOREPOINTS MARKET-EWR AIRPORT (T1)|DAYTON|NJ|08810|US,SHOREPOINTS MARKET-EWR AIRPORT (T1),DAYTON,NJ,8,2025-07,2026-04,3,7,-0.036,Flat
THE SCOOP AT SFO AP|San Francisco|CA|94128|US,THE SCOOP AT SFO AP,San Francisco,CA,1,2025-10,2025-10,2,2,-0.036,Flat
UPTOWN KIOSK 2-PHX AP|Phoenix|AZ|85034|US,UPTOWN KIOSK 2-PHX AP,Phoenix,AZ,7,2025-08,2026-03,3.86,6,-0.082,Contracting
THE WELL - SMF AP|Sacramento|CA|95837|US,THE WELL - SMF AP,Sacramento,CA,5,2025-07,2026-04,3.6,6,-0.082,Contracting
AK BOULEVARD-LAX AP|El Segundo|CA|90245|US,AK BOULEVARD-LAX AP,El Segundo,CA,1,2025-10,2025-10,5,5,-0.091,Contracting
WLV - FORUM SHOPS 0282|LAS VEGAS|NV|89109|US,WLV - FORUM SHOPS 0282,LAS VEGAS,NV,1,2025-10,2025-10,5,5,-0.091,Contracting
WH SMITH-DCA AP (T-CNC3)|Dayton|NJ|08810|US,WH SMITH-DCA AP (T-CNC3),Dayton,NJ,4,2025-07,2026-04,2.75,3,-0.091,Contracting
THE ARTS DISTRICT MKT-BNA AP|Nashville|TN|37214|US,THE ARTS DISTRICT MKT-BNA AP,Nashville,TN,1,2025-08,2025-08,3,3,-0.109,Contracting
WHSMITH C/O HYPERION|DENVER|CO|80203|US,WHSMITH C/O HYPERION,DENVER,CO,2,2025-09,2025-11,3,3,-0.109,Contracting
DISTRICT MARKET-LGA AP|Dayton|NJ|08810|US,DISTRICT MARKET-LGA AP,Dayton,NJ,5,2025-07,2026-03,2.4,3,-0.109,Contracting
16TH & DOLORES-SFO AP (T2)|San Francisco|CA|94128|US,16TH & DOLORES-SFO AP (T2),San Francisco,CA,1,2025-09,2025-09,5,5,-0.136,Contracting
0446 GOTHAM NEWS-MOYNIHAN TRAIN HALL|Dayton|NJ|08810|US,0446 GOTHAM NEWS-MOYNIHAN TRAIN HALL,Dayton,NJ,1,2025-07,2025-07,3,3,-0.136,Contracting
0522 SLC Public Market-SPace #CAE 2-003|Salt Lake City|UT|84116|US,0522 SLC Public Market-SPace #CAE 2-003,Salt Lake City,UT,3,2025-07,2025-12,2.33,3,-0.145,Contracting
FLIGHT STOP-DEN AIRPORT (GATE 33 &  55)|Denver|CO|80203|US,FLIGHT STOP-DEN AIRPORT (GATE 33 &  55),Denver,CO,7,2025-08,2026-04,3.86,5,-0.182,Contracting
0449 EASTERN MARKET-DCA|Dayton|NJ|08810|US,0449 EASTERN MARKET-DCA,Dayton,NJ,5,2025-07,2026-02,4,6,-0.227,Contracting
SIX POINTS MARKET-ORD AP|Chicago|IL|60666|US,SIX POINTS MARKET-ORD AP,Chicago,IL,7,2025-07,2026-03,3.14,5,-0.245,Contracting
0430 Motown Greatest Hits #430 Suite 3-2|Detroit|MI|48242|US,0430 Motown Greatest Hits #430 Suite 3-2,Detroit,MI,5,2025-08,2025-12,3.2,5,-0.327,Contracting
0440 DC ARTS DISTRICT MARKET-DCA|Dayton|NJ|08810|US,0440 DC ARTS DISTRICT MARKET-DCA,Dayton,NJ,4,2025-07,2026-02,3.75,5,-0.355,Contracting
