so_id,so_num,customer_id,status,date_issued,date_first_ship,date_completed,ship_to_name,ship_to_address,ship_to_city,ship_to_state,ship_to_zip,ship_to_country,ship_to_key,customer_po,salesman,total_price,sub_total
84843,1477522,74,Fulfilled,2025-07-03 11:08:36.102000,2025-07-07 00:00:00,2025-07-07 10:54:01.336000,0449 EASTERN MARKET-DCA,"0449 EASTERN MARKET-DCA
C/O WHSMITH-GXO
2353 US HIGHWAY 130 STE",Dayton,NJ,08810,US,0449 EASTERN MARKET-DCA|Dayton|NJ|08810|US,647409,cfortin,241.920000000,241.920000000
84844,1477523,74,Fulfilled,2025-07-03 11:14:11.276000,2025-07-07 00:00:00,2025-07-07 10:54:01.632000,0446 GOTHAM NEWS-MOYNIHAN TRAIN HALL,"0446 GOTHAM NEWS-MOYNIHAN TRAIN HALL
C/O WHSMITH - GXO DC
2353 US HIGHWAY 130 STE A",Dayton,NJ,08810,US,0446 GOTHAM NEWS-MOYNIHAN TRAIN HALL|Dayton|NJ|08810|US,647391,cfortin,241.920000000,241.920000000
85518,1477608,74,Fulfilled,2025-07-10 14:33:52.431000,2025-07-28 00:00:00,2025-07-30 11:51:01.827000,SHOREPOINTS MARKET-EWR AIRPORT (T1),"SHOREPOINTS MARKET-EWR AIRPORT (T1)
2353 US HIGHWAY 130 STE A
C/O WHSMITH - GXO DC",DAYTON,NJ,08810,US,SHOREPOINTS MARKET-EWR AIRPORT (T1)|DAYTON|NJ|08810|US,649545,cfortin,302.400000000,302.400000000
85519,1477609,74,Fulfilled,2025-07-10 14:35:50.930000,2025-07-28 00:00:00,2025-07-30 11:54:01.686000,SIX POINTS MARKET-ORD AP,"SIX POINTS MARKET-ORD AP
10000 W BALMORAL AVE
T5 NEXT TO GATE M29",Chicago,IL,60666,US,SIX POINTS MARKET-ORD AP|Chicago|IL|60666|US,649530,cfortin,241.920000000,241.920000000
85520,1477610,74,Fulfilled,2025-07-10 14:39:20.856000,2025-07-28 00:00:00,2025-07-28 13:21:01.539000,DISTRICT MARKET-LGA AP,"DISTRICT MARKET-LGA AP
2353 US HIGHWAY 130
STE A
C/O WHSMITH - GXO DC",Dayton,NJ,08810,US,DISTRICT MARKET-LGA AP|Dayton|NJ|08810|US,649538,cfortin,241.920000000,241.920000000
85521,1477611,74,Fulfilled,2025-07-10 14:41:37.073000,2025-07-28 00:00:00,2025-07-28 14:45:22.125000,SILICON VALLEY NEWS-SFO AP,"SILICON VALLEY NEWS-SFO AP
100 INTERNATIONAL LOOP
TERM 3, F GATE",San Francisco,CA,94128,US,SILICON VALLEY NEWS-SFO AP|San Francisco|CA|94128|US,649543,cfortin,241.920000000,241.920000000
85522,1477612,74,Fulfilled,2025-07-10 14:45:37.390000,2025-07-28 00:00:00,2025-07-29 07:45:26.677000,0440 DC ARTS DISTRICT MARKET-DCA,"C/O WHSMITH- GXO
2353 US HIGHWAY 130 STE",Dayton,NJ,08810,US,0440 DC ARTS DISTRICT MARKET-DCA|Dayton|NJ|08810|US,649546,cfortin,423.360000000,423.360000000
85523,1477613,74,Fulfilled,2025-07-10 14:47:50.058000,2025-07-28 00:00:00,2025-07-30 12:06:01.772000,MADE IN KC- MCI AP,"MADE IN KC- MCI AP
400 ATHENS AVE
NODE A, SPACE # CC2-030
C/O BRADFORD LOGISTICS",Kansas City,MO,64153,US,MADE IN KC- MCI AP|Kansas City|MO|64153|US,649531,cfortin,241.920000000,241.920000000
85524,1477614,74,Fulfilled,2025-07-10 14:48:54.739000,2025-07-28 00:00:00,2025-07-31 14:00:31.999000,CITY ARTS MARKET-MCO AP,"CITY ARTS MARKET-MCO AP
6190 CARGO ROAD
c/o CRDC Facility.
Bradford Logistics",Orlando,FL,32827,US,CITY ARTS MARKET-MCO AP|Orlando|FL|32827|US,649540,cfortin,241.920000000,241.920000000
86154,1477668,74,Fulfilled,2025-07-17 13:46:43.480000,2025-08-04 00:00:00,2025-08-04 15:51:01.771000,NATALIES CANDY AT SEA-TAC  AP,"NATALIES CANDY AT SEA-TAC AP
17801 PACIFIC HIGHWAY SO
NORTH SATELLITE
SPACE NS-12",Seattle,WA,98158,US,NATALIES CANDY AT SEA-TAC  AP|Seattle|WA|98158|US,652440,cfortin,241.920000000,241.920000000
86155,1477669,74,Fulfilled,2025-07-17 13:48:51.787000,2025-08-04 00:00:00,2025-08-05 07:27:01.568000,THE WELL - SMF AP,"THE WELL - SMF AP
6900 AIRPORT BLVD
TERM A",Sacramento,CA,95837,US,THE WELL - SMF AP|Sacramento|CA|95837|US,652436,cfortin,241.920000000,241.920000000
87028,1477740,74,Fulfilled,2025-07-25 13:41:53.566000,2025-08-04 00:00:00,2025-08-04 15:45:25.117000,LA CONFIDENTIAL- LAX AP,"C/O CREWS 1972
1924 E MAPLE AVE
UNIT B",El Segundo,CA,90245,US,LA CONFIDENTIAL- LAX AP|El Segundo|CA|90245|US,654731,cfortin,302.400000000,302.400000000
87029,1477741,74,Fulfilled,2025-07-28 10:22:06.029000,2025-08-04 00:00:00,2025-08-05 07:27:01.318000,0522 SLC Public Market-SPace #CAE 2-003,"C/O CDR CTR Bradford Logistics
3619 W 510 North",Salt Lake City,UT,84116,US,0522 SLC Public Market-SPace #CAE 2-003|Salt Lake City|UT|84116|US,654717,cfortin,241.920000000,241.920000000
87588,1477775,74,Fulfilled,2025-07-31 12:21:05.856000,2025-08-04 00:00:00,2025-08-04 15:48:02.115000,CAPITOL FILE-DCA AP (T-CNC-7),"C/O WHSMITH-GXO
2353 US HIGHWAY 
130 STE",Dayton,NJ,08810,US,CAPITOL FILE-DCA AP (T-CNC-7)|Dayton|NJ|08810|US,657264,cfortin,241.920000000,241.920000000
87589,1477776,74,Fulfilled,2025-07-31 12:22:50.240000,2025-08-04 00:00:00,2025-08-04 15:48:02.411000,0449 EASTERN MARKET-DCA,"0449 EASTERN MARKET-DCA
C/O WHSMITH-GXO
2353 US HIGHWAY 130 STE",Dayton,NJ,08810,US,0449 EASTERN MARKET-DCA|Dayton|NJ|08810|US,657277,cfortin,241.920000000,241.920000000
87590,1477777,74,Fulfilled,2025-07-31 12:28:24.799000,2025-08-04 00:00:00,2025-08-04 15:48:01.568000,WH SMITH-DCA AP (T-CNC3),"C/O WHSMITH-GXO
2353 US HIGHWAY 
130 STE",Dayton,NJ,08810,US,WH SMITH-DCA AP (T-CNC3)|Dayton|NJ|08810|US,657263,cfortin,302.400000000,302.400000000
89242,1477923,74,Fulfilled,2025-08-15 11:59:56.365000,2025-08-18 00:00:00,2025-08-18 11:45:29.095000,0440 DC ARTS DISTRICT MARKET-DCA,"C/O WHSMITH- GXO
2353 US HIGHWAY 130 STE",Dayton,NJ,08810,US,0440 DC ARTS DISTRICT MARKET-DCA|Dayton|NJ|08810|US,662237,hmorales,241.920000000,241.920000000
89243,1477924,74,Fulfilled,2025-08-15 12:02:13.067000,2025-08-18 00:00:00,2025-08-18 11:42:01.611000,THE BOWERY BAY SHOPS-LGA AP,"THE BOWERY BAY SHOPS-LGA AP
2353 US HIGHWAY 130
STE A
C/O WHSMITH - GXO DC",Dayton,NJ,08810,US,THE BOWERY BAY SHOPS-LGA AP|Dayton|NJ|08810|US,662239,hmorales,241.920000000,241.920000000
89244,1477925,74,Fulfilled,2025-08-15 12:05:13.957000,2025-08-18 00:00:00,2025-08-18 11:54:01.044000,NATALIES CANDY AT SEA-TAC  AP,"NATALIES CANDY AT SEA-TAC AP
17801 PACIFIC HIGHWAY SO
NORTH SATELLITE
SPACE NS-12",Seattle,WA,98158,US,NATALIES CANDY AT SEA-TAC  AP|Seattle|WA|98158|US,662241,hmorales,241.920000000,241.920000000
89245,1477926,74,Fulfilled,2025-08-15 12:07:46.239000,2025-08-18 00:00:00,2025-08-18 12:48:00.945000,SIX POINTS MARKET-ORD AP,"SIX POINTS MARKET-ORD AP
10000 W BALMORAL AVE
T5 NEXT TO GATE M29",Chicago,IL,60666,US,SIX POINTS MARKET-ORD AP|Chicago|IL|60666|US,662226,hmorales,241.920000000,241.920000000
89246,1477927,74,Fulfilled,2025-08-15 12:11:45.766000,2025-08-18 00:00:00,2025-08-19 11:51:01.609000,FLIGHT STOP-DEN AIRPORT (GATE 33 &  55),"WHSMITH C/O HYPERION
414 N BROADWAY UNIT C",Denver,CO,80203,US,FLIGHT STOP-DEN AIRPORT (GATE 33 &  55)|Denver|CO|80203|US,662232,hmorales,362.880000000,362.880000000
89699,1477990,74,Fulfilled,2025-08-20 15:32:06.527000,2025-08-25 00:00:00,2025-08-25 10:42:01.610000,0430 Motown Greatest Hits #430 Suite 3-2,"0430 Motown Greatest Hits
C/O Bradford Logistics
2588 World Gateway Place Suite T1-160",Detroit,MI,48242,US,0430 Motown Greatest Hits #430 Suite 3-2|Detroit|MI|48242|US,647407,cfortin,241.920000000,241.920000000
89700,1477991,74,Fulfilled,2025-08-20 15:35:55.965000,2025-08-25 00:00:00,2025-08-25 10:42:01.003000,THE ARTS DISTRICT MKT-BNA AP,"THE ARTS DISTRICT MKT-BNA AP
931 AIRPORT SERVICE RD
TERM A
C/O BRADFORD LOGISTICS",Nashville,TN,37214,US,THE ARTS DISTRICT MKT-BNA AP|Nashville|TN|37214|US,647403,cfortin,302.400000000,302.400000000
89701,1477992,74,Fulfilled,2025-08-20 15:37:26.670000,2025-08-25 00:00:00,2025-08-25 10:39:01.686000,FLIGHT STOP-DEN AIRPORT (GATE 33 &  55),"WHSMITH C/O HYPERION
414 N BROADWAY UNIT C",Denver,CO,80203,US,FLIGHT STOP-DEN AIRPORT (GATE 33 &  55)|Denver|CO|80203|US,647399,cfortin,241.920000000,241.920000000
89702,1477993,74,Fulfilled,2025-08-20 15:39:05.652000,2025-08-25 00:00:00,2025-08-25 10:39:01.341000,DISTRICT MARKET-BWI AIRPORT,"2353 US HIGHWAY 130 STE
C/O WHSMITH-GXO",DAYTON,NJ,08810,US,DISTRICT MARKET-BWI AIRPORT|DAYTON|NJ|08810|US,647402,cfortin,241.920000000,241.920000000
89803,1478002,74,Fulfilled,2025-08-21 12:26:07.038000,2025-08-26 00:00:00,2025-08-26 11:21:01.590000,DISTRICT MARKET-SFO AP,"DISTRICT MARKET-SFO AP
3 N TERMINAL
Hub #F.2.030",San Francisco,CA,94128,US,DISTRICT MARKET-SFO AP|San Francisco|CA|94128|US,664652,cfortin,241.920000000,241.920000000
89804,1478003,74,Fulfilled,2025-08-21 12:32:00.036000,2025-09-02 00:00:00,2025-09-02 09:33:00.785000,0430 Motown Greatest Hits #430 Suite 3-2,"0430 Motown Greatest Hits
C/O Bradford Logistics
2588 World Gateway Place Suite T1-160",Detroit,MI,48242,US,0430 Motown Greatest Hits #430 Suite 3-2|Detroit|MI|48242|US,664660,cfortin,241.920000000,241.920000000
89805,1478004,74,Fulfilled,2025-08-21 12:35:42.615000,2025-08-26 00:00:00,2025-08-26 11:24:01.340000,GOTHAM NEWS-MOYNIHAN TRAIN HALL,"GOTHAM NEWS
2353 US HIGHWAY 130
STE A
MOYNIHAN TRAIN HALL",Dayton,NJ,08810,US,GOTHAM NEWS-MOYNIHAN TRAIN HALL|Dayton|NJ|08810|US,664645,cfortin,241.920000000,241.920000000
89806,1478005,74,Fulfilled,2025-08-21 12:40:33.266000,2025-08-26 00:00:00,2025-08-26 11:09:01.164000,UPTOWN KIOSK 2-PHX AP,"UPTOWN KIOSK 2-PHX AP
3400 E SKY HARBOR BLVD
SPACE # T4S1
Term 4, Lvl 3, Near Gate D11",Phoenix,AZ,85034,US,UPTOWN KIOSK 2-PHX AP|Phoenix|AZ|85034|US,664648,cfortin,241.920000000,241.920000000
89807,1478006,74,Fulfilled,2025-08-21 12:42:52.484000,2025-08-26 00:00:00,2025-08-26 11:24:00.961000,LICK-DFW AIRPORT,"LICK-DFW AIRPORT
2610 N INTL PKWY
TERMINAL E GATE E34 SPACE 109 C",DALLAS,TX,75261,US,LICK-DFW AIRPORT|DALLAS|TX|75261|US,664651,cfortin,241.920000000,241.920000000
90527,1478133,74,Fulfilled,2025-08-28 14:28:03.258000,2025-09-02 00:00:00,2025-09-02 11:51:02.397000,SHOREPOINTS MARKET-EWR AIRPORT (T1),"SHOREPOINTS MARKET-EWR AIRPORT (T1)
2353 US HIGHWAY 130 STE A
C/O WHSMITH - GXO DC",DAYTON,NJ,08810,US,SHOREPOINTS MARKET-EWR AIRPORT (T1)|DAYTON|NJ|08810|US,667232,hmorales,483.840000000,483.840000000
90529,1478134,74,Fulfilled,2025-08-28 14:31:38.507000,2025-09-02 00:00:00,2025-09-02 13:54:02.953000,THE WELL - SMF AP,"THE WELL - SMF AP
6900 AIRPORT BLVD
TERM A",Sacramento,CA,95837,US,THE WELL - SMF AP|Sacramento|CA|95837|US,667227,hmorales,241.920000000,241.920000000
90530,1478135,74,Fulfilled,2025-08-28 14:34:05.415000,2025-09-02 00:00:00,2025-09-02 13:57:01.980000,SILICON VALLEY NEWS-SFO AP,"SILICON VALLEY NEWS-SFO AP
100 INTERNATIONAL LOOP
TERM 3, F GATE",San Francisco,CA,94128,US,SILICON VALLEY NEWS-SFO AP|San Francisco|CA|94128|US,667230,hmorales,241.920000000,241.920000000
91000,1478171,74,Fulfilled,2025-09-02 10:35:40.392000,2025-09-03 00:00:00,2025-09-03 14:42:01.096000,THE ARTS DISTRICT MARKET - SAN,"C/O BRADFORD AIRPORT LOGISTICS
2247 WEST WASHINGTON STREET",SAN DIEGO,CA,92110,US,THE ARTS DISTRICT MARKET - SAN|SAN DIEGO|CA|92110|US,667804,cfortin,907.200000000,907.200000000
91001,1478172,74,Fulfilled,2025-09-04 11:23:33.466000,2025-09-03 00:00:00,2025-09-04 13:45:26.479000,16TH & DOLORES-SFO AP (T2),"SFO AIRPORT-TERMINAL 2
SPACE D.2.325",San Francisco,CA,94128,US,16TH & DOLORES-SFO AP (T2)|San Francisco|CA|94128|US,667720,cfortin,604.800000000,604.800000000
94397,1478394,74,Fulfilled,2025-09-23 13:54:03.987000,2025-09-24 00:00:00,2025-09-24 10:09:01.127000,0430 Motown Greatest Hits #430 Suite 3-2,"0430 Motown Greatest Hits
C/O Bradford Logistics
2588 World Gateway Place Suite T1-160",Detroit,MI,48242,US,0430 Motown Greatest Hits #430 Suite 3-2|Detroit|MI|48242|US,673993,hmorales,241.920000000,241.920000000
94399,1478395,74,Fulfilled,2025-09-23 14:05:21.731000,2025-09-24 00:00:00,2025-09-24 11:33:01.350000,WHSMITH C/O HYPERION,"WHSMITH C/O HYPERION
414 N BROADWAY UNIT C",DENVER,CO,80203,US,WHSMITH C/O HYPERION|DENVER|CO|80203|US,673985,hmorales,241.920000000,241.920000000
94400,1478396,74,Fulfilled,2025-09-23 14:07:57.428000,2025-09-24 00:00:00,2025-09-24 11:33:01.022000,0449 EASTERN MARKET-DCA,"0449 EASTERN MARKET-DCA
C/O WHSMITH-GXO
2353 US HIGHWAY 130 STE",Dayton,NJ,08810,US,0449 EASTERN MARKET-DCA|Dayton|NJ|08810|US,673994,hmorales,241.920000000,241.920000000
94401,1478397,74,Fulfilled,2025-09-23 14:10:24.394000,2025-09-24 00:00:00,2025-09-24 12:45:24.225000,NATALIES CANDY AT SEA-TAC  AP,"NATALIES CANDY AT SEA-TAC AP
17801 PACIFIC HIGHWAY SO
NORTH SATELLITE
SPACE NS-12",Seattle,WA,98158,US,NATALIES CANDY AT SEA-TAC  AP|Seattle|WA|98158|US,673991,hmorales,423.360000000,423.360000000
94402,1478398,74,Fulfilled,2025-09-23 14:13:12.619000,2025-09-24 00:00:00,2025-09-25 12:45:22.173000,UPTOWN KIOSK 2-PHX AP,"UPTOWN KIOSK 2-PHX AP
3400 E SKY HARBOR BLVD
SPACE # T4S1
Term 4, Lvl 3, Near Gate D11",Phoenix,AZ,85034,US,UPTOWN KIOSK 2-PHX AP|Phoenix|AZ|85034|US,673978,hmorales,302.400000000,302.400000000
94639,1478433,74,Fulfilled,2025-09-25 14:54:07.312000,2025-09-29 00:00:00,2025-09-29 11:21:01.625000,FLIGHT STOP-DEN AIRPORT (GATE 33 &  55),"WHSMITH C/O HYPERION
414 N BROADWAY UNIT C",Denver,CO,80203,US,FLIGHT STOP-DEN AIRPORT (GATE 33 &  55)|Denver|CO|80203|US,676398,hmorales,241.920000000,241.920000000
94640,1478434,74,Fulfilled,2025-09-25 14:58:49.406000,2025-09-29 00:00:00,2025-09-29 11:21:01.363000,DISTRICT MARKET-SFO AP,"DISTRICT MARKET-SFO AP
3 N TERMINAL
Hub #F.2.030",San Francisco,CA,94128,US,DISTRICT MARKET-SFO AP|San Francisco|CA|94128|US,676399,hmorales,241.920000000,241.920000000
95460,1478478,74,Fulfilled,2025-10-02 14:44:58.245000,2025-10-06 00:00:00,2025-10-06 15:09:01.401000,CITY ARTS MARKET-MCO AP,"CITY ARTS MARKET-MCO AP
6190 CARGO ROAD
c/o CRDC Facility.
Bradford Logistics",Orlando,FL,32827,US,CITY ARTS MARKET-MCO AP|Orlando|FL|32827|US,678777,hmorales,241.920000000,241.920000000
95461,1478479,74,Fulfilled,2025-10-02 14:47:10.543000,2025-10-06 00:00:00,2025-10-06 15:09:01.705000,MADE IN KC- MCI AP,"MADE IN KC- MCI AP
400 ATHENS AVE
NODE A, SPACE # CC2-030
C/O BRADFORD LOGISTICS",Kansas City,MO,64153,US,MADE IN KC- MCI AP|Kansas City|MO|64153|US,678767,hmorales,241.920000000,241.920000000
95462,1478480,74,Fulfilled,2025-10-02 14:49:49.637000,2025-10-06 00:00:00,2025-10-06 15:09:02.186000,THE WELL - SMF AP,"THE WELL - SMF AP
6900 AIRPORT BLVD
TERM A",Sacramento,CA,95837,US,THE WELL - SMF AP|Sacramento|CA|95837|US,678775,hmorales,241.920000000,241.920000000
95463,1478481,74,Fulfilled,2025-10-02 14:52:58.591000,2025-10-06 00:00:00,2025-10-06 15:09:01.862000,DISTRICT MARKET-BWI AIRPORT,"2353 US HIGHWAY 130 STE
C/O WHSMITH-GXO",DAYTON,NJ,08810,US,DISTRICT MARKET-BWI AIRPORT|DAYTON|NJ|08810|US,678778,hmorales,423.360000000,423.360000000
95464,1478482,74,Fulfilled,2025-10-02 14:58:05.572000,2025-10-06 00:00:00,2025-10-06 15:09:02.453000,WH SMITH-DCA AP (T-CNC3),"C/O WHSMITH-GXO
2353 US HIGHWAY 130 ST",Dayton,NJ,08810,US,WH SMITH-DCA AP (T-CNC3)|Dayton|NJ|08810|US,678769,hmorales,241.920000000,241.920000000
95465,1478483,74,Fulfilled,2025-10-02 15:01:34.526000,2025-10-06 00:00:00,2025-10-06 15:09:02.609000,16TH & DOLORES-SFO AP (T2),"SFO AIRPORT-TERMINAL 2
SPACE D.2.325",SAN FRANCISCO,CA,94128,US,16TH & DOLORES-SFO AP (T2)|SAN FRANCISCO|CA|94128|US,678785,hmorales,302.400000000,302.400000000
95466,1478484,74,Fulfilled,2025-10-02 15:03:34.561000,2025-10-06 00:00:00,2025-10-06 15:06:01.186000,LICK-DFW AIRPORT,"LICK-DFW AIRPORT
2610 N INTL PKWY
TERMINAL E GATE E34 SPACE 109 C",DALLAS,TX,75261,US,LICK-DFW AIRPORT|DALLAS|TX|75261|US,678772,hmorales,241.920000000,241.920000000
96561,1478577,74,Fulfilled,2025-10-09 14:20:01.124000,2025-10-13 00:00:00,2025-10-13 12:39:01.219000,NATALIES CANDY AT SEA-TAC  AP,"NATALIES CANDY AT SEA-TAC AP
17801 PACIFIC HIGHWAY SO
NORTH SATELLITE
SPACE NS-12",Seattle,WA,98158,US,NATALIES CANDY AT SEA-TAC  AP|Seattle|WA|98158|US,681122,hmorales,241.920000000,241.920000000
96562,1478578,74,Fulfilled,2025-10-09 14:21:47.420000,2025-10-13 00:00:00,2025-10-13 12:39:00.985000,SHOREPOINTS MARKET-EWR AIRPORT (T1),"SHOREPOINTS MARKET-EWR AIRPORT (T1)
2353 US HIGHWAY 130 STE A
C/O WHSMITH - GXO DC",DAYTON,NJ,08810,US,SHOREPOINTS MARKET-EWR AIRPORT (T1)|DAYTON|NJ|08810|US,681123,hmorales,241.920000000,241.920000000
96563,1478579,74,Fulfilled,2025-10-09 14:23:18.437000,2025-10-13 00:00:00,2025-10-13 12:39:01.767000,UPTOWN KIOSK 2-PHX AP,"UPTOWN KIOSK 2-PHX AP
3400 E SKY HARBOR BLVD
SPACE # T4S1
Term 4, Lvl 3, Near Gate D11",Phoenix,AZ,85034,US,UPTOWN KIOSK 2-PHX AP|Phoenix|AZ|85034|US,681110,hmorales,241.920000000,241.920000000
98129,1478626,74,Fulfilled,2025-10-17 10:48:56.365000,2025-10-20 00:00:00,2025-10-20 15:18:01.791000,SILICON VALLEY NEWS-SFO AP,"SILICON VALLEY NEWS-SFO AP
100 INTERNATIONAL LOOP
TERM 3, F GATE",San Francisco,CA,94128,US,SILICON VALLEY NEWS-SFO AP|San Francisco|CA|94128|US,683317,hmorales,362.880000000,362.880000000
98131,1478627,74,Fulfilled,2025-10-17 10:52:03.632000,2025-10-20 00:00:00,2025-10-20 14:30:03.070000,0440 DC ARTS DISTRICT MARKET-DCA,"C/O WHSMITH- GXO
2353 US HIGHWAY 130 STE",Dayton,NJ,08810,US,0440 DC ARTS DISTRICT MARKET-DCA|Dayton|NJ|08810|US,683323,hmorales,241.920000000,241.920000000
98132,1478628,74,Fulfilled,2025-10-17 10:53:46.523000,2025-10-20 00:00:00,2025-10-20 14:33:02.177000,GOTHAM NEWS-MOYNIHAN TRAIN HALL,"GOTHAM NEWS
2353 US HIGHWAY 130
STE A
MOYNIHAN TRAIN HALL",Dayton,NJ,08810,US,GOTHAM NEWS-MOYNIHAN TRAIN HALL|Dayton|NJ|08810|US,683301,hmorales,241.920000000,241.920000000
98133,1478629,74,Fulfilled,2025-10-17 10:55:27.241000,2025-10-20 00:00:00,2025-10-20 15:12:02.181000,THE WELL - SMF AP,"THE WELL - SMF AP
6900 AIRPORT BLVD
TERM A",Sacramento,CA,95837,US,THE WELL - SMF AP|Sacramento|CA|95837|US,683309,hmorales,241.920000000,241.920000000
98135,1478630,74,Fulfilled,2025-10-17 10:57:07.351000,2025-10-20 00:00:00,2025-10-20 15:06:01.744000,DISTRICT MARKET-BWI AIRPORT,"2353 US HIGHWAY 130 STE
C/O WHSMITH-GXO",DAYTON,NJ,08810,US,DISTRICT MARKET-BWI AIRPORT|DAYTON|NJ|08810|US,683314,hmorales,241.920000000,241.920000000
98136,1478631,74,Fulfilled,2025-10-17 10:58:50.774000,2025-10-20 00:00:00,2025-10-20 15:15:30.477000,THE ARTS DISTRICT MARKET - SAN,"C/O BRADFORD AIRPORT LOGISTICS
2247 WEST WASHINGTON STREET",SAN DIEGO,CA,92110,US,THE ARTS DISTRICT MARKET - SAN|SAN DIEGO|CA|92110|US,683320,hmorales,302.400000000,302.400000000
98138,1478632,74,Fulfilled,2025-10-17 11:00:34.305000,2025-10-20 00:00:00,2025-10-20 14:36:02.192000,0522 SLC Public Market-SPace #CAE 2-003,"0522 SLC Public Market-SPace #CAE 2-003
C/O CDR CTR Bradford Logistics
3619 W 510 North",Salt Lake City,UT,84116,US,0522 SLC Public Market-SPace #CAE 2-003|Salt Lake City|UT|84116|US,683298,hmorales,241.920000000,241.920000000
98144,1478633,74,Fulfilled,2025-10-17 11:01:57.243000,2025-10-20 00:00:00,2025-10-20 14:30:02.135000,CAPITOL FILE-DCA AP (T-CNC-7),"C/O WHSMITH-GXO
2353 US HIGHWAY 
130 STE",Dayton,NJ,08810,US,CAPITOL FILE-DCA AP (T-CNC-7)|Dayton|NJ|08810|US,683303,hmorales,241.920000000,241.920000000
98145,1478634,74,Fulfilled,2025-10-17 11:03:11.818000,2025-10-20 00:00:00,2025-10-20 14:33:02.427000,DEPARTURES AT SFO AP,"DEPARTURES AT SFO AP
1 TERMINAL SFO AIRPORT
SPACE B.2.284",San Francisco,CA,94128,US,DEPARTURES AT SFO AP|San Francisco|CA|94128|US,683310,hmorales,241.920000000,241.920000000
98146,1478635,74,Fulfilled,2025-10-17 11:04:35.990000,2025-10-20 00:00:00,2025-10-20 14:36:01.801000,LA CONFIDENTIAL- LAX AP,"LA CONFIDENTIAL- LAX AP
1924 E MAPLE AVE
UNIT B
C/O CREWS 1972",El Segundo,CA,90245,US,LA CONFIDENTIAL- LAX AP|El Segundo|CA|90245|US,683316,hmorales,241.920000000,241.920000000
98148,1478636,74,Fulfilled,2025-10-17 11:05:49.447000,2025-10-20 00:00:00,2025-10-20 14:36:02.520000,0430 Motown Greatest Hits #430 Suite 3-2,"0430 Motown Greatest Hits
C/O Bradford Logistics
2588 World Gateway Place Suite T1-160",Detroit,MI,48242,US,0430 Motown Greatest Hits #430 Suite 3-2|Detroit|MI|48242|US,683322,hmorales,241.920000000,241.920000000
98149,1478637,74,Fulfilled,2025-10-17 11:07:42.459000,2025-10-20 00:00:00,2025-10-20 14:42:06.157000,SIX POINTS MARKET-ORD AP,"ALM
520 OLD CARGO RD , TERMINAL 5 EAST DOCK",Chicago,IL,60666,US,SIX POINTS MARKET-ORD AP|Chicago|IL|60666|US,683299,hmorales,241.920000000,241.920000000
98150,1478638,74,Fulfilled,2025-10-17 11:09:41.070000,2025-10-20 00:00:00,2025-10-20 14:30:02.758000,FLIGHT STOP-DEN AIRPORT (GATE 33 &  55),"WHSMITH C/O HYPERION
414 N BROADWAY UNIT C",Denver,CO,80203,US,FLIGHT STOP-DEN AIRPORT (GATE 33 &  55)|Denver|CO|80203|US,683305,hmorales,241.920000000,241.920000000
98152,1478639,74,Fulfilled,2025-10-17 11:11:05.651000,2025-10-20 00:00:00,2025-10-20 14:33:01.771000,THE SCOOP AT SFO AP,"THE SCOOP AT SFO AP
1 TERMINAL SFO AIRPORT
SP C.2.209
BY GATE C7",San Francisco,CA,94128,US,THE SCOOP AT SFO AP|San Francisco|CA|94128|US,683311,hmorales,241.920000000,241.920000000
99596,1478677,74,Fulfilled,2025-10-21 11:41:38.516000,2025-10-22 00:00:00,2025-10-22 12:51:01.432000,WLV - FORUM SHOPS 0282,"3500 LAS VEGAS BLVD S.
SUITE #M01",LAS VEGAS,NV,89109,US,WLV - FORUM SHOPS 0282|LAS VEGAS|NV|89109|US,684107,hmorales,604.800000000,604.800000000
100093,1478701,74,Fulfilled,2025-10-23 16:23:53.120000,2025-10-28 00:00:00,2025-10-28 10:51:02.005000,DISTRICT MARKET-LGA AP,"DISTRICT MARKET-LGA AP
2353 US HIGHWAY 130
STE A
C/O WHSMITH - GXO DC",Dayton,NJ,08810,US,DISTRICT MARKET-LGA AP|Dayton|NJ|08810|US,686210,cfortin,241.920000000,241.920000000
100094,1478702,74,Fulfilled,2025-10-23 16:26:23.547000,2025-10-28 00:00:00,2025-10-28 10:18:01.030000,DISTRICT MARKET-SFO AP,"DISTRICT MARKET-SFO AP
3 N TERMINAL
Hub #F.2.030",San Francisco,CA,94128,US,DISTRICT MARKET-SFO AP|San Francisco|CA|94128|US,686208,cfortin,302.400000000,302.400000000
100601,1478714,74,Fulfilled,2025-10-24 16:02:50.540000,2025-11-10 00:00:00,2025-11-13 14:51:04.685000,AK BOULEVARD-LAX AP,"AK BOULEVARD-LAX AP
1924 E MAPLE AVENUE
UNIT B
C/O CREWS 1972",El Segundo,CA,90245,US,AK BOULEVARD-LAX AP|El Segundo|CA|90245|US,686215,cfortin,1814.400000000,1814.400000000
102038,1478933,74,Fulfilled,2025-10-30 15:01:32.922000,2025-11-03 00:00:00,2025-11-03 07:57:02.007000,NATALIES CANDY AT SEA-TAC  AP,"NATALIES CANDY AT SEA-TAC AP
17801 PACIFIC HIGHWAY SO
NORTH SATELLITE
SPACE NS-12",Seattle,WA,98158,US,NATALIES CANDY AT SEA-TAC  AP|Seattle|WA|98158|US,688439,hmorales,241.920000000,241.920000000
102054,1478934,74,Fulfilled,2025-10-30 15:04:25.491000,2025-11-03 00:00:00,2025-11-03 07:54:01.198000,0440 DC ARTS DISTRICT MARKET-DCA,"C/O WHSMITH- GXO
2353 US HIGHWAY 130 STE",Dayton,NJ,08810,US,0440 DC ARTS DISTRICT MARKET-DCA|Dayton|NJ|08810|US,688444,hmorales,241.920000000,241.920000000
102055,1478935,74,Fulfilled,2025-10-30 15:06:13.067000,2025-11-03 00:00:00,2025-11-03 07:54:01.757000,TRAVEL + RIGHT-SLC,"3619 W 510 NORTH
C/O BRADFORD LOGISTICS",SALT LAKE CITY,UT,84116,US,TRAVEL + RIGHT-SLC|SALT LAKE CITY|UT|84116|US,688446,hmorales,241.920000000,241.920000000
102056,1478936,74,Fulfilled,2025-10-30 15:07:31.724000,2025-11-03 00:00:00,2025-11-03 08:00:31.246000,GOTHAM NEWS-MOYNIHAN TRAIN HALL,"GOTHAM NEWS
2353 US HIGHWAY 130
STE A
MOYNIHAN TRAIN HALL",Dayton,NJ,08810,US,GOTHAM NEWS-MOYNIHAN TRAIN HALL|Dayton|NJ|08810|US,688426,hmorales,241.920000000,241.920000000
102057,1478937,74,Fulfilled,2025-10-30 15:09:13.130000,2025-11-03 00:00:00,2025-11-03 07:57:01.682000,LICK-DFW AIRPORT,"LICK-DFW AIRPORT
2610 N INTL PKWY
TERMINAL E GATE E34 SPACE 109 C",DALLAS,TX,75261,US,LICK-DFW AIRPORT|DALLAS|TX|75261|US,688432,hmorales,241.920000000,241.920000000
102203,1478941,74,Fulfilled,2025-10-31 10:20:17.175000,2025-11-03 00:00:00,2025-11-03 07:57:01.178000,GIFT SHOP-AQUARIUS,"GIFT SHOP-AQUARIUS
1900 S CASINO DR","LAUGHLIN,",NV,89029,US,"GIFT SHOP-AQUARIUS|LAUGHLIN,|NV|89029|US",689157,hmorales,120.960000000,120.960000000
103463,1479076,74,Fulfilled,2025-11-10 12:07:56.504000,2025-11-11 00:00:00,2025-11-11 09:01:16.019000,THE ARTS DISTRICT MARKET - SAN,"C/O BRADFORD AIRPORT LOGISTICS
2247 WEST WASHINGTON STREET",SAN DIEGO,CA,92110,US,THE ARTS DISTRICT MARKET - SAN|SAN DIEGO|CA|92110|US,691164,hmorales,241.920000000,241.920000000
103464,1479077,74,Fulfilled,2025-11-10 12:12:09.066000,2025-11-11 00:00:00,2025-11-11 09:01:15.284000,0430 Motown Greatest Hits #430 Suite 3-2,"0430 Motown Greatest Hits
C/O Bradford Logistics
2588 World Gateway Place Suite T1-160",Detroit,MI,48242,US,0430 Motown Greatest Hits #430 Suite 3-2|Detroit|MI|48242|US,691166,hmorales,241.920000000,241.920000000
103465,1479078,74,Fulfilled,2025-11-10 12:13:40.675000,2025-11-11 00:00:00,2025-11-11 09:01:16.362000,WH SMITH-DCA AP (T-CNC3),"C/O WHSMITH-GXO
2353 US HIGHWAY 130 ST",Dayton,NJ,08810,US,WH SMITH-DCA AP (T-CNC3)|Dayton|NJ|08810|US,691151,hmorales,241.920000000,241.920000000
103466,1479079,74,Fulfilled,2025-11-10 12:15:14.034000,2025-11-11 00:00:00,2025-11-11 09:01:16.690000,THE WELL - SMF AP,"THE WELL - SMF AP
6900 AIRPORT BLVD
TERM A",Sacramento,CA,95837,US,THE WELL - SMF AP|Sacramento|CA|95837|US,691157,hmorales,241.920000000,241.920000000
104490,1479155,74,Fulfilled,2025-11-18 11:21:42.921000,2025-11-19 00:00:00,2025-11-19 12:21:32.709000,Fuel @ DTW-A,"c/o Bradford Logistics
2588 World Gateway Place
Suite T1-160",Detroit,MI,48242,US,Fuel @ DTW-A|Detroit|MI|48242|US,694423,hmorales,604.800000000,604.800000000
105764,1479259,74,Fulfilled,2025-11-21 13:53:53.792000,2025-11-24 00:00:00,2025-11-24 11:05:04.598000,DISTRICT MARKET-SFO AP,"DISTRICT MARKET-SFO AP
3 N TERMINAL
Hub #F.2.030",San Francisco,CA,94128,US,DISTRICT MARKET-SFO AP|San Francisco|CA|94128|US,695578,hmorales,241.920000000,241.920000000
105765,1479260,74,Fulfilled,2025-11-21 13:56:00.148000,2025-11-24 00:00:00,2025-11-24 11:06:02.791000,WHSMITH C/O HYPERION,"WHSMITH C/O HYPERION
414 N BROADWAY UNIT C",DENVER,CO,80203,US,WHSMITH C/O HYPERION|DENVER|CO|80203|US,695579,hmorales,483.840000000,483.840000000
105766,1479261,74,Fulfilled,2025-11-21 13:57:48.014000,2025-11-24 00:00:00,2025-11-24 11:05:05.829000,DISTRICT MARKET-LGA AP,"DISTRICT MARKET-LGA AP
2353 US HIGHWAY 130
STE A
C/O WHSMITH - GXO DC",Dayton,NJ,08810,US,DISTRICT MARKET-LGA AP|Dayton|NJ|08810|US,695580,hmorales,241.920000000,241.920000000
105767,1479262,74,Fulfilled,2025-11-21 13:59:18.138000,2025-11-24 00:00:00,2025-11-24 11:05:05.301000,0449 EASTERN MARKET-DCA,"0449 EASTERN MARKET-DCA
C/O WHSMITH-GXO
2353 US HIGHWAY 130 STE",Dayton,NJ,08810,US,0449 EASTERN MARKET-DCA|Dayton|NJ|08810|US,695589,hmorales,241.920000000,241.920000000
105768,1479263,74,Fulfilled,2025-11-21 14:00:53.666000,2025-11-24 00:00:00,2025-11-24 11:01:01.924000,FLIGHT STOP-DEN AIRPORT (GATE 33 &  55),"WHSMITH C/O HYPERION
414 N BROADWAY UNIT C",Denver,CO,80203,US,FLIGHT STOP-DEN AIRPORT (GATE 33 &  55)|Denver|CO|80203|US,695577,hmorales,483.840000000,483.840000000
108975,1479405,74,Fulfilled,2025-11-28 09:09:24.813000,2025-12-01 00:00:00,2025-12-01 17:15:32.390000,UPTOWN KIOSK 2-PHX AP,"UPTOWN KIOSK 2-PHX AP
3400 E SKY HARBOR BLVD
SPACE # T4S1
Term 4, Lvl 3, Near Gate D11",Phoenix,AZ,85034,US,UPTOWN KIOSK 2-PHX AP|Phoenix|AZ|85034|US,698568,hmorales,241.920000000,241.920000000
108976,1479406,74,Fulfilled,2025-11-28 09:12:11.525000,2025-12-01 00:00:00,2025-12-01 17:15:32.687000,DISTRICT MARKET-BWI AIRPORT,"2353 US HIGHWAY 130 STE
C/O WHSMITH-GXO",DAYTON,NJ,08810,US,DISTRICT MARKET-BWI AIRPORT|DAYTON|NJ|08810|US,698577,hmorales,241.920000000,241.920000000
108977,1479408,74,Fulfilled,2025-11-28 09:15:07.511000,2025-12-01 00:00:00,2025-12-01 17:15:32.028000,SHOREPOINTS MARKET-EWR AIRPORT (T1),"SHOREPOINTS MARKET-EWR AIRPORT (T1)
2353 US HIGHWAY 130 STE A
C/O WHSMITH - GXO DC",DAYTON,NJ,08810,US,SHOREPOINTS MARKET-EWR AIRPORT (T1)|DAYTON|NJ|08810|US,698581,hmorales,241.920000000,241.920000000
123106,1479784,74,Fulfilled,2025-12-12 11:00:35.030000,2025-12-15 00:00:00,2025-12-18 15:06:05.736000,THE BOWERY BAY SHOPS-LGA AP,"THE BOWERY BAY SHOPS-LGA AP
2353 US HIGHWAY 130
STE A
C/O WHSMITH - GXO DC",Dayton,NJ,08810,US,THE BOWERY BAY SHOPS-LGA AP|Dayton|NJ|08810|US,702728,hmorales,650.400000000,650.400000000
123108,1479785,74,Fulfilled,2025-12-12 11:03:07.496000,2025-12-15 00:00:00,2025-12-18 15:00:07.440000,LA CONFIDENTIAL- LAX AP,"LA CONFIDENTIAL- LAX AP
1924 E MAPLE AVE
UNIT B
C/O CREWS 1972",El Segundo,CA,90245,US,LA CONFIDENTIAL- LAX AP|El Segundo|CA|90245|US,702729,hmorales,408.480000000,408.480000000
123110,1479786,74,Fulfilled,2025-12-12 11:07:23.669000,2025-12-15 00:00:00,2025-12-18 15:06:06.435000,SILICON VALLEY NEWS-SFO AP,"SILICON VALLEY NEWS-SFO AP
100 INTERNATIONAL LOOP
TERM 3, F GATE",San Francisco,CA,94128,US,SILICON VALLEY NEWS-SFO AP|San Francisco|CA|94128|US,702731,hmorales,529.440000000,529.440000000
123111,1479787,74,Fulfilled,2025-12-12 11:15:58.400000,2025-12-15 00:00:00,2025-12-18 14:57:04.112000,SHOREPOINTS MARKET-EWR AIRPORT (T1),"SHOREPOINTS MARKET-EWR AIRPORT (T1)
2353 US HIGHWAY 130 STE A
C/O WHSMITH - GXO DC",DAYTON,NJ,08810,US,SHOREPOINTS MARKET-EWR AIRPORT (T1)|DAYTON|NJ|08810|US,702733,hmorales,696.000000000,696.000000000
123112,1479788,74,Fulfilled,2025-12-12 11:18:58.371000,2025-12-15 00:00:00,2025-12-18 15:27:04.512000,NATALIES CANDY AT SEA-TAC  AP,"NATALIES CANDY AT SEA-TAC AP
17801 PACIFIC HIGHWAY SO
NORTH SATELLITE
SPACE NS-12",Seattle,WA,98158,US,NATALIES CANDY AT SEA-TAC  AP|Seattle|WA|98158|US,702732,hmorales,468.960000000,468.960000000
123113,1479789,74,Fulfilled,2025-12-12 11:27:20.959000,2025-12-15 00:00:00,2025-12-18 15:06:04.407000,0430 Motown Greatest Hits #430 Suite 3-2,"0430 Motown Greatest Hits
C/O Bradford Logistics
2588 World Gateway Place Suite T1-160",Detroit,MI,48242,US,0430 Motown Greatest Hits #430 Suite 3-2|Detroit|MI|48242|US,702735,hmorales,408.480000000,408.480000000
123124,1479790,74,Fulfilled,2025-12-12 11:30:37.147000,2025-12-15 00:00:00,2025-12-18 15:03:04.955000,0449 EASTERN MARKET-DCA,"0449 EASTERN MARKET-DCA
C/O WHSMITH-GXO
2353 US HIGHWAY 130 STE",Dayton,NJ,08810,US,0449 EASTERN MARKET-DCA|Dayton|NJ|08810|US,702737,hmorales,408.480000000,408.480000000
123144,1479791,74,Fulfilled,2025-12-12 11:33:12.281000,2025-12-15 00:00:00,2025-12-18 15:27:05.011000,TRAVEL + RIGHT-SLC,"3619 W 510 NORTH
C/O BRADFORD LOGISTICS",SALT LAKE CITY,UT,84116,US,TRAVEL + RIGHT-SLC|SALT LAKE CITY|UT|84116|US,702738,hmorales,468.960000000,468.960000000
123155,1479792,74,Fulfilled,2025-12-12 11:35:10.544000,2025-12-15 00:00:00,2025-12-20 23:06:50.710000,LA PALMAS OASIS-PSP AP,"LA PALMAS OASIS-PSP AP
3400 E TAHQUITZ WAY
SONNY BONO CONCOURSE",Palm Springs,CA,92262,US,LA PALMAS OASIS-PSP AP|Palm Springs|CA|92262|US,702708,hmorales,408.480000000,408.480000000
123172,1479793,74,Fulfilled,2025-12-12 11:37:26.806000,2025-12-15 00:00:00,2025-12-18 14:57:05.222000,LICK-DFW AIRPORT,"LICK-DFW AIRPORT
2610 N INTL PKWY
TERMINAL E GATE E34 SPACE 109 C",DALLAS,TX,75261,US,LICK-DFW AIRPORT|DALLAS|TX|75261|US,702718,hmorales,408.480000000,408.480000000
123189,1479794,74,Fulfilled,2025-12-12 11:39:09.545000,2025-12-15 00:00:00,2025-12-18 15:27:06.043000,GOTHAM NEWS-MOYNIHAN TRAIN HALL,"GOTHAM NEWS
2353 US HIGHWAY 130
STE A
MOYNIHAN TRAIN HALL",Dayton,NJ,08810,US,GOTHAM NEWS-MOYNIHAN TRAIN HALL|Dayton|NJ|08810|US,702709,hmorales,529.440000000,529.440000000
123196,1479795,74,Fulfilled,2025-12-12 11:40:44.447000,2025-12-15 00:00:00,2025-12-18 15:00:06.920000,0522 SLC Public Market-SPace #CAE 2-003,"0522 SLC Public Market-SPace #CAE 2-003
C/O CDR CTR Bradford Logistics
3619 W 510 North",Salt Lake City,UT,84116,US,0522 SLC Public Market-SPace #CAE 2-003|Salt Lake City|UT|84116|US,702710,hmorales,348.000000000,348.000000000
123209,1479796,74,Fulfilled,2025-12-12 11:43:17.584000,2025-12-15 00:00:00,2025-12-18 15:06:05.153000,SIX POINTS MARKET-ORD AP,"SIX POINTS MARKET-ORD AP
520 OLD CARGO RD
TERMINAL 5 EAST DOCK",Chicago,IL,60666,US,SIX POINTS MARKET-ORD AP|Chicago|IL|60666|US,702711,hmorales,529.440000000,529.440000000
123226,1479797,74,Fulfilled,2025-12-12 11:45:14.328000,2025-12-15 00:00:00,2025-12-18 15:00:06.468000,UPTOWN KIOSK 2-PHX AP,"UPTOWN KIOSK 2-PHX AP
3400 E SKY HARBOR BLVD
SPACE # T4S1
Term 4, Lvl 3, Near Gate D11",Phoenix,AZ,85034,US,UPTOWN KIOSK 2-PHX AP|Phoenix|AZ|85034|US,702713,hmorales,348.000000000,348.000000000
123229,1479798,74,Fulfilled,2025-12-12 11:49:55.943000,2025-12-15 00:00:00,2025-12-18 15:03:04.654000,CAPITOL FILE-DCA AP (T-CNC-7),"C/O WHSMITH-GXO
2353 US HIGHWAY 
130 STE",Dayton,NJ,08810,US,CAPITOL FILE-DCA AP (T-CNC-7)|Dayton|NJ|08810|US,702716,hmorales,408.480000000,408.480000000
123255,1479799,74,Fulfilled,2025-12-12 11:52:05.987000,2025-12-15 00:00:00,2025-12-18 15:31:05.453000,FLIGHT STOP-DEN AIRPORT (GATE 33 &  55),"WHSMITH C/O HYPERION
414 N BROADWAY UNIT C",Denver,CO,80203,US,FLIGHT STOP-DEN AIRPORT (GATE 33 &  55)|Denver|CO|80203|US,702719,hmorales,529.440000000,529.440000000
123262,1479800,74,Fulfilled,2025-12-12 11:53:50.168000,2025-12-15 00:00:00,2025-12-18 15:03:04.330000,DISTRICT MARKET-SFO AP,"DISTRICT MARKET-SFO AP
3 N TERMINAL
Hub #F.2.030",San Francisco,CA,94128,US,DISTRICT MARKET-SFO AP|San Francisco|CA|94128|US,702720,hmorales,408.480000000,408.480000000
123269,1479801,74,Fulfilled,2025-12-12 11:56:03.272000,2025-12-15 00:00:00,2025-12-18 15:00:16.784000,LARIMER STREET MARKET-DEN AP,"LARIMER STREET MARKET-DEN AP
WHSMITH C/O HYPERION
414 N BROADWAY UNIT C",Denver,CO,80203,US,LARIMER STREET MARKET-DEN AP|Denver|CO|80203|US,702721,hmorales,408.480000000,408.480000000
123287,1479802,74,Fulfilled,2025-12-12 11:57:31.170000,2025-12-15 00:00:00,2025-12-18 15:03:03.779000,DISTRICT MARKET-LGA AP,"DISTRICT MARKET-LGA AP
2353 US HIGHWAY 130
STE A
C/O WHSMITH - GXO DC",Dayton,NJ,08810,US,DISTRICT MARKET-LGA AP|Dayton|NJ|08810|US,702722,hmorales,408.480000000,408.480000000
123301,1479803,74,Fulfilled,2025-12-12 11:59:20.087000,2025-12-15 00:00:00,2025-12-18 14:57:04.831000,CITY ARTS MARKET-MCO AP,"CITY ARTS MARKET-MCO AP
6190 CARGO ROAD
c/o CRDC Facility.
Bradford Logistics",Orlando,FL,32827,US,CITY ARTS MARKET-MCO AP|Orlando|FL|32827|US,702726,hmorales,408.480000000,408.480000000
123316,1479804,74,Fulfilled,2025-12-12 12:00:43.420000,2025-12-15 00:00:00,2025-12-18 15:00:05.905000,DISTRICT MARKET-BWI AIRPORT,"2353 US HIGHWAY 130 STE
C/O WHSMITH-GXO",DAYTON,NJ,08810,US,DISTRICT MARKET-BWI AIRPORT|DAYTON|NJ|08810|US,702727,hmorales,348.000000000,348.000000000
137729,1480600,74,Fulfilled,2026-01-09 10:27:46.801000,2026-01-12 00:00:00,2026-01-12 15:09:05.964000,La Palmas Oasis -- PSP,"La Palmas Oasis PSP
Palm Springs AIrport
3400 E Tahquitz Way",Palm Springs,CA,92262,US,La Palmas Oasis -- PSP|Palm Springs|CA|92262|US,711392,hmorales,294.960000000,294.960000000
137730,1480601,74,Fulfilled,2026-01-09 10:29:26.326000,2026-01-12 00:00:00,2026-01-12 15:09:04.258000,CAPITOL FILE-DCA AP (T-CNC-7),"C/O WHSMITH-GXO
2353 US HIGHWAY 
130 STE",Dayton,NJ,08810,US,CAPITOL FILE-DCA AP (T-CNC-7)|Dayton|NJ|08810|US,711396,hmorales,241.920000000,241.920000000
137731,1480602,74,Fulfilled,2026-01-09 10:31:21.727000,2026-01-12 00:00:00,2026-01-12 15:09:05.288000,DISTRICT MARKET-SFO AP,"DISTRICT MARKET-SFO AP
3 N TERMINAL
Hub #F.2.030",San Francisco,CA,94128,US,DISTRICT MARKET-SFO AP|San Francisco|CA|94128|US,711399,hmorales,302.400000000,302.400000000
137732,1480603,74,Fulfilled,2026-01-09 10:32:55.328000,2026-01-12 00:00:00,2026-01-12 15:09:06.383000,SHOREPOINTS MARKET-EWR AIRPORT (T1),"SHOREPOINTS MARKET-EWR AIRPORT (T1)
2353 US HIGHWAY 130 STE A
C/O WHSMITH - GXO DC",DAYTON,NJ,08810,US,SHOREPOINTS MARKET-EWR AIRPORT (T1)|DAYTON|NJ|08810|US,711410,hmorales,210.960000000,210.960000000
140439,1480711,74,Fulfilled,2026-01-23 09:54:04.939000,2026-01-27 00:00:00,2026-01-27 14:54:03.698000,SIX POINTS MARKET-ORD AP,"SIX POINTS MARKET-ORD AP
10000 W BALMORAL AVE
T5 NEXT TO GATE M29",Chicago,IL,60666,US,SIX POINTS MARKET-ORD AP|Chicago|IL|60666|US,718434,cfortin,302.400000000,302.400000000
140440,1480712,74,Fulfilled,2026-01-23 09:59:54.495000,2026-01-27 00:00:00,2026-01-27 14:54:02.556000,FLIGHT STOP-DEN AIRPORT (GATE 33 &  55),"WHSMITH C/O HYPERION
414 N BROADWAY UNIT C",Denver,CO,80203,US,FLIGHT STOP-DEN AIRPORT (GATE 33 &  55)|Denver|CO|80203|US,718438,cfortin,210.960000000,210.960000000
140441,1480713,74,Fulfilled,2026-01-23 10:29:23.066000,2026-01-27 00:00:00,2026-01-27 14:54:03.053000,DISTRICT MARKET-SFO AP,"DISTRICT MARKET-SFO AP
3 N TERMINAL
Hub #F.2.030",San Francisco,CA,94128,US,DISTRICT MARKET-SFO AP|San Francisco|CA|94128|US,718439,cfortin,240.480000000,240.480000000
140442,1480714,74,Fulfilled,2026-01-23 10:37:01.541000,2026-01-27 00:00:00,2026-01-27 14:54:07.867000,DISTRICT MARKET-BWI AIRPORT,"2353 US HIGHWAY 130 STE
C/O WHSMITH-GXO",DAYTON,NJ,08810,US,DISTRICT MARKET-BWI AIRPORT|DAYTON|NJ|08810|US,718440,cfortin,241.920000000,241.920000000
140443,1480715,74,Fulfilled,2026-01-23 10:41:04.654000,2026-01-27 00:00:00,2026-01-27 14:51:05.526000,NATALIES CANDY AT SEA-TAC  AP,"NORTH SATELLITE, SPACE NS-12
17801 PACIFIC HIGHWAY SO",Seattle,WA,98158,US,NATALIES CANDY AT SEA-TAC  AP|Seattle|WA|98158|US,718451,cfortin,271.440000000,271.440000000
140444,1480716,74,Fulfilled,2026-01-23 10:43:19.199000,2026-01-27 00:00:00,2026-01-27 14:54:04.819000,THE ARTS DISTRICT MARKET - SAN,"C/O BRADFORD AIRPORT LOGISTICS
2247 WEST WASHINGTON STREET",SAN DIEGO,CA,92110,US,THE ARTS DISTRICT MARKET - SAN|SAN DIEGO|CA|92110|US,718453,cfortin,241.920000000,241.920000000
140445,1480717,74,Fulfilled,2026-01-23 10:44:57.002000,2026-01-27 00:00:00,2026-01-27 14:54:08.244000,16TH & DOLORES-SFO AP (T2),"SFO AIRPORT-TERMINAL 2
SPACE D.2.325",SAN FRANCISCO,CA,94128,US,16TH & DOLORES-SFO AP (T2)|SAN FRANCISCO|CA|94128|US,718454,cfortin,241.920000000,241.920000000
140446,1480718,74,Fulfilled,2026-01-23 10:46:52.480000,2026-01-27 00:00:00,2026-01-27 14:54:08.541000,MRG KANSAS CITY LLC - SPACE # CC2-090,"C/O BRADFORD LOGISTICS
400 ATHENS AVE",KANSAS CITY,MO,64153,US,MRG KANSAS CITY LLC - SPACE # CC2-090|KANSAS CITY|MO|64153|US,718457,cfortin,241.920000000,241.920000000
142140,1480779,74,Fulfilled,2026-01-29 10:25:22.357000,2026-02-02 00:00:00,2026-02-02 14:42:08.128000,#546 Eastbank Market,"c/o Bradford Logistics
8975 NE Airport Way",Portland,OR,97220,US,#546 Eastbank Market|Portland|OR|97220|US,720543,hmorales,952.800000000,952.800000000
145509,1480813,74,Fulfilled,2026-02-05 16:35:02.521000,2026-02-16 00:00:00,2026-02-17 13:57:06.170000,0440 DC ARTS DISTRICT MARKET-DCA,"C/O WHSMITH- GXO
2353 US HIGHWAY 130 STE",Dayton,NJ,08810,US,0440 DC ARTS DISTRICT MARKET-DCA|Dayton|NJ|08810|US,723659,cfortin,241.920000000,241.920000000
145510,1480814,74,Fulfilled,2026-02-05 16:37:09.360000,2026-02-16 00:00:00,2026-02-18 13:57:04.539000,0449 EASTERN MARKET-DCA,"0449 EASTERN MARKET-DCA
C/O WHSMITH-GXO
2353 US HIGHWAY 130 STE",Dayton,NJ,08810,US,0449 EASTERN MARKET-DCA|Dayton|NJ|08810|US,723660,cfortin,210.960000000,210.960000000
145513,1480815,74,Fulfilled,2026-02-05 16:40:54.989000,2026-02-16 00:00:00,2026-02-17 13:57:06.545000,La Palmas Oasis -- PSP,"La Palmas Oasis PSP
Palm Springs AIrport
3400 E Tahquitz Way",Palm Springs,CA,92262,US,La Palmas Oasis -- PSP|Palm Springs|CA|92262|US,723639,cfortin,302.400000000,302.400000000
145514,1480816,74,Fulfilled,2026-02-05 16:42:52.294000,2026-02-16 00:00:00,2026-02-18 13:57:03.758000,GOTHAM NEWS-MOYNIHAN TRAIN HALL,"GOTHAM NEWS
2353 US HIGHWAY 130
STE A
MOYNIHAN TRAIN HALL",Dayton,NJ,08810,US,GOTHAM NEWS-MOYNIHAN TRAIN HALL|Dayton|NJ|08810|US,723640,cfortin,240.480000000,240.480000000
145515,1480817,74,Fulfilled,2026-02-05 16:44:35.739000,2026-02-16 00:00:00,2026-02-17 13:57:06.889000,MADE IN KC- MCI AP,"MADE IN KC- MCI AP
400 ATHENS AVE
NODE A, SPACE # CC2-030
C/O BRADFORD LOGISTICS",Kansas City,MO,64153,US,MADE IN KC- MCI AP|Kansas City|MO|64153|US,723642,cfortin,241.920000000,241.920000000
145516,1480818,74,Fulfilled,2026-02-05 16:52:09.011000,2026-02-16 00:00:00,2026-02-17 15:13:54.767000,UPTOWN KIOSK 2-PHX AP,"UPTOWN KIOSK 2-PHX AP
3400 E SKY HARBOR BLVD
SPACE # T4S1
Term 4, Lvl 3, Near Gate D11",Phoenix,AZ,85034,US,UPTOWN KIOSK 2-PHX AP|Phoenix|AZ|85034|US,723643,cfortin,271.440000000,271.440000000
145517,1480819,74,Fulfilled,2026-02-05 16:53:47.285000,2026-02-16 00:00:00,2026-02-17 15:13:54.064000,DISTRICT MARKET-SFO AP,"DISTRICT MARKET-SFO AP
3 N TERMINAL
Hub #F.2.030",San Francisco,CA,94128,US,DISTRICT MARKET-SFO AP|San Francisco|CA|94128|US,723646,cfortin,204.960000000,204.960000000
145519,1480820,74,Fulfilled,2026-02-05 16:56:48.081000,2026-02-16 00:00:00,2026-02-18 13:57:04.883000,NATALIES CANDY AT SEA-TAC  AP,"NATALIES CANDY AT SEA-TAC AP
17801 PACIFIC HIGHWAY SO
NORTH SATELLITE
SPACE NS-12",Seattle,WA,98158,US,NATALIES CANDY AT SEA-TAC  AP|Seattle|WA|98158|US,723656,cfortin,258.000000000,258.000000000
145520,1480821,74,Fulfilled,2026-02-05 16:58:33.133000,2026-02-16 00:00:00,2026-02-18 13:57:04.070000,SHOREPOINTS MARKET-EWR AP,"SHOREPOINTS MARKET-EWR AP
2353 US HIGHWAY 130
STE A
C/O WHSMITH - GXO DC",Dayton,NJ,08810,US,SHOREPOINTS MARKET-EWR AP|Dayton|NJ|08810|US,723657,cfortin,294.960000000,294.960000000
145521,1480822,74,Fulfilled,2026-02-05 17:01:11.431000,2026-02-16 00:00:00,2026-02-17 13:57:05.201000,Fuel @ DTW-A,"c/o Bradford Logistics
2588 World Gateway Place
Suite T1-160",Detroit,MI,48242,US,Fuel @ DTW-A|Detroit|MI|48242|US,723658,cfortin,604.800000000,604.800000000
150548,1480892,74,Fulfilled,2026-02-20 07:35:29.713000,2026-02-25 00:00:00,2026-02-25 14:45:56.663000,TRAVEL + RIGHT-SLC,"3619 W 510 NORTH
C/O BRADFORD LOGISTICS",SALT LAKE CITY,UT,84116,US,TRAVEL + RIGHT-SLC|SALT LAKE CITY|UT|84116|US,727708,hmorales,241.920000000,241.920000000
150549,1480893,74,Fulfilled,2026-02-20 07:39:54.931000,2026-02-25 00:00:00,2026-02-25 14:46:00.282000,SIX POINTS MARKET-ORD AP,"SIX POINTS MARKET-ORD AP
10000 W BALMORAL AVE
T5 NEXT TO GATE M29",Chicago,IL,60666,US,SIX POINTS MARKET-ORD AP|Chicago|IL|60666|US,727684,hmorales,258.000000000,258.000000000
150550,1480894,74,Fulfilled,2026-02-20 07:41:44.257000,2026-02-25 00:00:00,2026-02-25 14:45:57.622000,UPTOWN KIOSK 2-PHX AP,"UPTOWN KIOSK 2-PHX AP
3400 E SKY HARBOR BLVD
SPACE # T4S1
Term 4, Lvl 3, Near Gate D11",Phoenix,AZ,85034,US,UPTOWN KIOSK 2-PHX AP|Phoenix|AZ|85034|US,727686,hmorales,241.920000000,241.920000000
150551,1480895,74,Fulfilled,2026-02-20 07:43:47.478000,2026-02-25 00:00:00,2026-02-25 14:45:58.298000,DISTRICT MARKET-SFO AP,"DISTRICT MARKET-SFO AP
3 N TERMINAL
Hub #F.2.030",San Francisco,CA,94128,US,DISTRICT MARKET-SFO AP|San Francisco|CA|94128|US,727691,hmorales,421.920000000,421.920000000
150552,1480896,74,Fulfilled,2026-02-20 07:45:50.155000,2026-02-25 00:00:00,2026-02-25 14:45:59.046000,CITY ARTS MARKET-MCO AP,"CITY ARTS MARKET-MCO AP
6190 CARGO ROAD
c/o CRDC Facility.
Bradford Logistics",Orlando,FL,32827,US,CITY ARTS MARKET-MCO AP|Orlando|FL|32827|US,727696,hmorales,331.920000000,331.920000000
150553,1480897,74,Fulfilled,2026-02-20 07:49:13.854000,2026-02-25 00:00:00,2026-02-25 14:54:02.481000,THE BOWERY BAY SHOPS-LGA AP,"THE BOWERY BAY SHOPS-LGA AP
2353 US HIGHWAY 130
STE A
C/O WHSMITH - GXO DC",Dayton,NJ,08810,US,THE BOWERY BAY SHOPS-LGA AP|Dayton|NJ|08810|US,727698,hmorales,265.440000000,265.440000000
150554,1480898,74,Fulfilled,2026-02-20 07:50:46.854000,2026-02-25 00:00:00,2026-02-25 14:54:01.755000,SILICON VALLEY NEWS-SFO AP,"SILICON VALLEY NEWS-SFO AP
100 INTERNATIONAL LOOP
TERM 3, F GATE",San Francisco,CA,94128,US,SILICON VALLEY NEWS-SFO AP|San Francisco|CA|94128|US,727701,hmorales,331.920000000,331.920000000
150555,1480900,74,Fulfilled,2026-02-20 07:53:29.744000,2026-02-25 00:00:00,2026-02-25 14:45:57.280000,NATALIES CANDY AT SEA-TAC  AP,"NATALIES CANDY AT SEA-TAC AP
17801 PACIFIC HIGHWAY SO
NORTH SATELLITE
SPACE NS-12",Seattle,WA,98158,US,NATALIES CANDY AT SEA-TAC  AP|Seattle|WA|98158|US,727702,hmorales,241.920000000,241.920000000
150556,1480901,74,Fulfilled,2026-02-20 07:55:12.368000,2026-02-25 00:00:00,2026-02-25 14:46:01.115000,0449 EASTERN MARKET-DCA,"0449 EASTERN MARKET-DCA
C/O WHSMITH-GXO
2353 US HIGHWAY 130 STE",Dayton,NJ,08810,US,0449 EASTERN MARKET-DCA|Dayton|NJ|08810|US,727707,hmorales,294.960000000,294.960000000
150605,1480909,74,Fulfilled,2026-02-20 15:25:30.418000,2026-02-25 00:00:00,2026-02-25 15:00:58.678000,PENN'S LANDING PHL,"GXO WHSMITH NEW JERSEY
2353 US-130 SUITE A",Dayton,NJ,08811,US,PENN'S LANDING PHL|Dayton|NJ|08811|US,728523,cfortin,952.800000000,952.800000000
151773,1480980,74,Fulfilled,2026-03-04 13:55:02.675000,2026-03-09 00:00:00,2026-03-09 15:24:02.201000,DEPARTURES AT SFO AP,"DEPARTURES AT SFO AP
1 TERMINAL SFO AIRPORT
SPACE B.2.284",San Francisco,CA,94128,US,DEPARTURES AT SFO AP|San Francisco|CA|94128|US,730282,hmorales,302.400000000,302.400000000
151774,1480981,74,Fulfilled,2026-03-04 13:57:55.605000,2026-03-09 00:00:00,2026-03-09 15:21:01.835000,DISTRICT MARKET-SFO AP,"DISTRICT MARKET-SFO AP
3 N TERMINAL
Hub #F.2.030",San Francisco,CA,94128,US,DISTRICT MARKET-SFO AP|San Francisco|CA|94128|US,730280,hmorales,302.400000000,302.400000000
151775,1480982,74,Fulfilled,2026-03-04 14:01:23.929000,2026-03-09 00:00:00,2026-03-09 14:33:01.866000,BRIGHTLEAF NEWS AND GIFT-RDU  AIRPORT 0603,"1025 CARGO AVE SUITE 2301
1025 CARGO AVE SUITE 2301",MORRISVILLE,NC,27560,US,BRIGHTLEAF NEWS AND GIFT-RDU  AIRPORT 0603|MORRISVILLE|NC|27560|US,730279,hmorales,302.400000000,302.400000000
151777,1480983,74,Fulfilled,2026-03-04 14:03:05.007000,2026-03-09 00:00:00,2026-03-09 16:36:01.586000,FIVE POINT NEWS AND GIFT-RDU  AIRPORT,"FIVE POINT NEWS AND GIFT-RDU  AIRPORT
1025 CARGO AVE SUITE 2301",MORRISVILLE,NC,27560,US,FIVE POINT NEWS AND GIFT-RDU  AIRPORT|MORRISVILLE|NC|27560|US,730278,hmorales,302.400000000,302.400000000
151779,1480984,74,Fulfilled,2026-03-04 14:04:54.995000,2026-03-09 00:00:00,2026-03-09 15:21:02.593000,WH SMITH-DEN AP (CNC-A),"WHSMITH C/O HYPERION
414 N BROADWAY UNIT C",DENVER,CO,80203,US,WH SMITH-DEN AP (CNC-A)|DENVER|CO|80203|US,730277,hmorales,302.400000000,302.400000000
151780,1480985,74,Fulfilled,2026-03-04 14:06:05.966000,2026-03-09 00:00:00,2026-03-09 14:36:01.636000,CAPITOL FILE-DCA AP (T-CNC-7),"C/O WHSMITH-GXO
2353 US HIGHWAY 
130 STE",Dayton,NJ,08810,US,CAPITOL FILE-DCA AP (T-CNC-7)|Dayton|NJ|08810|US,730275,hmorales,302.400000000,302.400000000
151781,1480986,74,Fulfilled,2026-03-04 14:07:20.268000,2026-03-09 00:00:00,2026-03-09 15:00:47.136000,UPTOWN KIOSK 2-PHX AP,"UPTOWN KIOSK 2-PHX AP
3400 E SKY HARBOR BLVD
SPACE # T4S1
Term 4, Lvl 3, Near Gate D11",Phoenix,AZ,85034,US,UPTOWN KIOSK 2-PHX AP|Phoenix|AZ|85034|US,730274,hmorales,302.400000000,302.400000000
151782,1480987,74,Fulfilled,2026-03-04 14:08:23.030000,2026-03-09 00:00:00,2026-03-09 15:24:01.496000,MRG KANSAS CITY LLC - SPACE # CC2-090,"C/O BRADFORD LOGISTICS
400 ATHENS AVE",KANSAS CITY,MO,64153,US,MRG KANSAS CITY LLC - SPACE # CC2-090|KANSAS CITY|MO|64153|US,730273,hmorales,302.400000000,302.400000000
151783,1480988,74,Fulfilled,2026-03-04 14:09:33.169000,2026-03-09 00:00:00,2026-03-09 15:21:02.205000,MADE IN KC- MCI AP,"MADE IN KC- MCI AP
400 ATHENS AVE
NODE A, SPACE # CC2-030
C/O BRADFORD LOGISTICS",Kansas City,MO,64153,US,MADE IN KC- MCI AP|Kansas City|MO|64153|US,730272,hmorales,302.400000000,302.400000000
151784,1480989,74,Fulfilled,2026-03-04 14:10:33.133000,2026-03-09 00:00:00,2026-03-09 15:24:01.873000,CITY MARKET - NOBE B SOUTH SPACE #CC2-64,"C/O BRADFORD LOGISTICS
400 ATHENS AVE",KANSAS CITY,MO,64153,US,CITY MARKET - NOBE B SOUTH SPACE #CC2-64|KANSAS CITY|MO|64153|US,730271,hmorales,302.400000000,302.400000000
151785,1480990,74,Fulfilled,2026-03-04 14:13:19.458000,2026-03-10 00:00:00,2026-03-10 15:03:01.660000,SHOREPOINTS MARKET-EWR AIRPORT (T1),"SHOREPOINTS MARKET-EWR AIRPORT (T1)
2353 US HIGHWAY 130 STE A
C/O WHSMITH - GXO DC",DAYTON,NJ,08810,US,SHOREPOINTS MARKET-EWR AIRPORT (T1)|DAYTON|NJ|08810|US,730293,hmorales,1814.400000000,1814.400000000
151786,1480991,74,Fulfilled,2026-03-04 14:14:39.633000,2026-03-10 00:00:00,2026-03-10 15:09:02.991000,BROOKSIDE LOCAL - MCI AP,"C/O BRADFORD LOGISTICS
400 ATHENS AVE
B SOUTH SPACE #BS2-40",KANSAS CITY,MO,64153,US,BROOKSIDE LOCAL - MCI AP|KANSAS CITY|MO|64153|US,730270,hmorales,302.400000000,302.400000000
151787,1480992,74,Fulfilled,2026-03-04 14:15:46.717000,2026-03-10 00:00:00,2026-03-10 15:09:02.636000,18TH & VINE - MCI AP,"C/O BRADFORD LOGISTICS
400 ATHENS AVE
SPACE #AN2-140",KANSAS CITY,MO,64153,US,18TH & VINE - MCI AP|KANSAS CITY|MO|64153|US,730269,hmorales,302.400000000,302.400000000
151788,1480993,74,Fulfilled,2026-03-04 14:17:04.404000,2026-03-10 00:00:00,2026-03-10 15:09:01.765000,SIX POINTS MARKET-ORD AP (T5),"ALM
520 OLD CARGO RD , TERMINAL 5 EAST DOCK",Chicago,IL,60666,US,SIX POINTS MARKET-ORD AP (T5)|Chicago|IL|60666|US,730268,hmorales,302.400000000,302.400000000
151789,1480994,74,Fulfilled,2026-03-04 14:18:19.070000,2026-03-10 00:00:00,2026-03-10 15:09:02.293000,TRAVEL + RIGHT-SLC,"3619 W 510 NORTH
C/O BRADFORD LOGISTICS",SALT LAKE CITY,UT,84116,US,TRAVEL + RIGHT-SLC|SALT LAKE CITY|UT|84116|US,730267,hmorales,302.400000000,302.400000000
151790,1480995,74,Fulfilled,2026-03-04 14:20:40.655000,2026-03-10 00:00:00,2026-03-10 14:54:02.316000,ESSENTIALS-TROP-LAUGHLIN,"ESSENTIALS-TROP-LAUGHLIN
2121 S. CASINO DR",LAUGHLIN,NV,89029,US,ESSENTIALS-TROP-LAUGHLIN|LAUGHLIN|NV|89029|US,730266,hmorales,302.400000000,302.400000000
151791,1480996,74,Fulfilled,2026-03-04 14:22:27.436000,2026-03-10 00:00:00,2026-03-10 14:54:01.772000,GIFT SHOP-EDGEWATER,"GIFT SHOP-EDGEWATER
2020 S CASINO DR",LAUGHLIN,NV,89029,US,GIFT SHOP-EDGEWATER|LAUGHLIN|NV|89029|US,730265,hmorales,302.400000000,302.400000000
151792,1480997,74,Fulfilled,2026-03-04 14:23:39.480000,2026-03-10 00:00:00,2026-03-10 14:57:02.464000,GIFT SHOP-AQUARIUS,"GIFT SHOP-AQUARIUS
1900 S CASINO DR","LAUGHLIN,",NV,89029,US,"GIFT SHOP-AQUARIUS|LAUGHLIN,|NV|89029|US",730264,hmorales,302.400000000,302.400000000
151793,1480998,74,Fulfilled,2026-03-04 14:24:56.002000,2026-03-10 00:00:00,2026-03-10 14:54:02.670000,GOTHAM NEWS-MOYNIHAN TRAIN HALL,"GOTHAM NEWS
2353 US HIGHWAY 130
STE A
MOYNIHAN TRAIN HALL",Dayton,NJ,08810,US,GOTHAM NEWS-MOYNIHAN TRAIN HALL|Dayton|NJ|08810|US,730263,hmorales,302.400000000,302.400000000
151794,1480999,74,Fulfilled,2026-03-04 14:27:02.259000,2026-03-10 00:00:00,2026-03-10 14:54:03.007000,PENN STATION - GOTHAM NEWS,"C/O WHSmith GXO DC: 
2353 US Highway 130 Ste A",Dayton,NJ,08810,US,PENN STATION - GOTHAM NEWS|Dayton|NJ|08810|US,730261,hmorales,302.400000000,302.400000000
151796,1481000,74,Fulfilled,2026-03-04 14:29:34.977000,2026-03-11 00:00:00,2026-03-11 12:06:28.592000,360-Duke City Station @ ABQ,"ABQ FREIGHT TRANSPORT STATION
2200 KIRKLAND DR SE
SOUTH END OF BUILDING",ALBUQUERQUE,NM,87106,US,360-Duke City Station @ ABQ|ALBUQUERQUE|NM|87106|US,730260,hmorales,302.400000000,302.400000000
151798,1481001,74,Fulfilled,2026-03-04 14:31:00.347000,2026-03-11 00:00:00,2026-03-11 12:06:28.944000,DISCOVER NEW JERSEY-EWR AP (B),"C/O WHSMITH - GXO DC
2353 US HIGHWAY 130 STE A",DAYTON,NJ,08810,US,DISCOVER NEW JERSEY-EWR AP (B)|DAYTON|NJ|08810|US,730292,hmorales,302.400000000,302.400000000
151799,1481003,74,Fulfilled,2026-03-04 14:31:51.731000,2026-03-11 00:00:00,2026-03-11 12:06:29.980000,TELEGRAPH 1ST EDITION AC,"C/O WHSMITH - GXO DC
2353 US HIGHWAY 130 
STE A",DAYTON,NJ,08810,US,TELEGRAPH 1ST EDITION AC|DAYTON|NJ|08810|US,730259,hmorales,302.400000000,302.400000000
151801,1481004,74,Fulfilled,2026-03-04 14:33:16.379000,2026-03-11 00:00:00,2026-03-11 12:06:29.635000,CORE REVELRY-OCEAN RESORT CASINO,"C/O WHSMITH - GXO DC
2353 US HIGHWAY 130 
STE A",DAYTON,NJ,08810,US,CORE REVELRY-OCEAN RESORT CASINO|DAYTON|NJ|08810|US,730258,hmorales,302.400000000,302.400000000
151802,1481005,74,Fulfilled,2026-03-04 14:34:46.455000,2026-03-11 00:00:00,2026-03-11 12:06:29.289000,CORE LOBBY-OCEAN RESORT CASINO,"C/O WHSMITH - GXO DC
2353 US HIGHWAY 130 
STE A",DAYTON,NJ,08810,US,CORE LOBBY-OCEAN RESORT CASINO|DAYTON|NJ|08810|US,730257,hmorales,302.400000000,302.400000000
151803,1481006,74,Fulfilled,2026-03-04 14:36:12.295000,2026-03-11 00:00:00,2026-03-11 12:06:30.330000,Welcome to LV-Forum Shops,"3500 Las Vegas Blvd S
Space M01-A",Las Vegas,NV,89109,US,Welcome to LV-Forum Shops|Las Vegas|NV|89109|US,730256,hmorales,302.400000000,302.400000000
151804,1481007,74,Fulfilled,2026-03-04 14:37:27.168000,2026-03-11 00:00:00,2026-03-11 12:06:30.674000,ESSENTIALS-HILTON ELARA,"ESSENTIALS-HILTON ELARA
80 E HARMON AVE",LAS VEGAS,NV,89109,US,ESSENTIALS-HILTON ELARA|LAS VEGAS|NV|89109|US,730254,hmorales,302.400000000,302.400000000
151805,1481008,74,Fulfilled,2026-03-04 14:38:17.857000,2026-03-11 00:00:00,2026-03-11 12:06:31.357000,La Palmas Oasis -- PSP,"La Palmas Oasis PSP
Palm Springs AIrport
3400 E Tahquitz Way",Palm Springs,CA,92262,US,La Palmas Oasis -- PSP|Palm Springs|CA|92262|US,730253,hmorales,302.400000000,302.400000000
151806,1481009,74,Fulfilled,2026-03-04 14:39:31.499000,2026-03-11 00:00:00,2026-03-11 12:06:31.020000,UPTOWN ESSENTIALS-PSP AP,"UPTOWN ESSENTIALS-PSP AP
3400 E TAHQUITZ WAY
AGUA CALIENTE CONCOURSE",Palm Springs,CA,92262,US,UPTOWN ESSENTIALS-PSP AP|Palm Springs|CA|92262|US,730252,hmorales,302.400000000,302.400000000
151807,1481010,74,Fulfilled,2026-03-04 14:41:32.809000,2026-03-16 00:00:00,2026-03-17 14:57:01.911000,Welcome to LV-Forum Shops,"3500 Las Vegas Blvd S
SPACE # R25",Las Vegas,NV,89109,US,Welcome to LV-Forum Shops|Las Vegas|NV|89109|US,730251,hmorales,302.400000000,302.400000000
151808,1481011,74,Fulfilled,2026-03-04 14:44:25.168000,2026-03-12 00:00:00,2026-03-16 15:09:02.011000,WELCOME LAS VEGAS-PROJECT 63,"WELCOME LAS VEGAS-PROJECT 63
3716 LAS VEGAS BLVD
STE 204-304",Las Vegas,NV,89109,US,WELCOME LAS VEGAS-PROJECT 63|Las Vegas|NV|89109|US,730250,hmorales,302.400000000,302.400000000
151809,1481012,74,Fulfilled,2026-03-04 14:46:19.943000,2026-03-12 00:00:00,2026-03-16 16:30:49.241000,0153 FUEL AT CIRCA,8 FREMONT STREET #B118,LAS VEGAS,NV,89101,US,0153 FUEL AT CIRCA|LAS VEGAS|NV|89101|US,730249,hmorales,302.400000000,302.400000000
151810,1481013,74,Fulfilled,2026-03-04 14:47:58.860000,2026-03-12 00:00:00,2026-03-16 15:09:02.619000,0711 TMZ-LAX AIRPORT (TBIT),"711 TMZ SPACE #M67 C/O CREW 192
1924 MAPLE AVE UNIT B",EL SEGUNDO,CA,90245,US,0711 TMZ-LAX AIRPORT (TBIT)|EL SEGUNDO|CA|90245|US,730291,hmorales,302.400000000,302.400000000
151811,1481014,74,Fulfilled,2026-03-04 14:50:07.997000,2026-03-12 00:00:00,2026-03-16 16:30:50.318000,0151 WELCOME LAS VEGAS-GRAND CANAL  SHOPS (2,"WELCOME LAS VEGAS-GRAND CANAL  SHOPS (2
3355 LAS VEGAS BLVD",LAS VEGAS,NV,89109,US,0151 WELCOME LAS VEGAS-GRAND CANAL  SHOPS (2|LAS VEGAS|NV|89109|US,730248,hmorales,302.400000000,302.400000000
151812,1481015,74,Fulfilled,2026-03-04 14:51:57.532000,2026-03-12 00:00:00,2026-03-16 16:30:51.946000,0143 THE D SHOP,301 FREMONT STREET,LAS VEGAS,NV,89101,US,0143 THE D SHOP|LAS VEGAS|NV|89101|US,730246,hmorales,302.400000000,302.400000000
151813,1481016,74,Fulfilled,2026-03-04 14:53:49.921000,2026-03-12 00:00:00,2026-03-16 16:27:03.553000,0131 IMPULSE-SAHARA,2535 LAS VEGAS BLVD,LAS VEGAS,NV,89109,US,0131 IMPULSE-SAHARA|LAS VEGAS|NV|89109|US,730244,hmorales,302.400000000,302.400000000
151814,1481017,74,Fulfilled,2026-03-04 14:55:30.326000,2026-03-12 00:00:00,2026-03-16 16:30:51.127000,GIFT SHOP-FORUM SHOPS (VALET),3500 LAS VEGAS BLVD,LAS VEGAS,NV,89109,US,GIFT SHOP-FORUM SHOPS (VALET)|LAS VEGAS|NV|89109|US,730243,hmorales,302.400000000,302.400000000
151815,1481018,74,Fulfilled,2026-03-04 14:56:58.942000,2026-03-12 00:00:00,2026-03-16 16:30:51.534000,WELCOME LAS VEGAS-THE STRAT,2000 LAS VEGAS BLVD,LAS VEGAS,NV,89104,US,WELCOME LAS VEGAS-THE STRAT|LAS VEGAS|NV|89104|US,730242,hmorales,302.400000000,302.400000000
151816,1481019,74,Fulfilled,2026-03-04 14:58:21.264000,2026-03-12 00:00:00,2026-03-16 16:30:50.727000,EXHILARATE 108-THE STRAT,2000 LAS VEGAS BLVD,LAS VEGAS,NV,89104,US,EXHILARATE 108-THE STRAT|LAS VEGAS|NV|89104|US,730241,hmorales,302.400000000,302.400000000
151817,1481020,74,Fulfilled,2026-03-04 15:00:09.221000,2026-03-12 00:00:00,2026-03-16 16:30:49.913000,0016-WELCOME LAS VEGAS-VENETIAN,3355 LAS VEGAS BLVD #2080,LAS VEGAS,NV,89109,US,0016-WELCOME LAS VEGAS-VENETIAN|LAS VEGAS|NV|89109|US,730240,hmorales,302.400000000,302.400000000
151819,1481021,74,Fulfilled,2026-03-04 15:03:13.632000,2026-03-12 00:00:00,2026-03-16 15:09:03.128000,0003 WELCOME LAS VEGAS GRAND CANAL  SHOPS,"3355 LAS VEGAS BLVD
#2020",LAS VEGAS,NV,89109,US,0003 WELCOME LAS VEGAS GRAND CANAL  SHOPS|LAS VEGAS|NV|89109|US,730239,hmorales,302.400000000,302.400000000
151820,1481022,74,Fulfilled,2026-03-04 15:06:35.046000,2026-03-12 00:00:00,2026-03-17 07:27:02.210000,THE BOWERY BAY SHOPS-LGA AP,"THE BOWERY BAY SHOPS-LGA AP
2353 US HIGHWAY 130
STE A
C/O WHSMITH - GXO DC",Dayton,NJ,08810,US,THE BOWERY BAY SHOPS-LGA AP|Dayton|NJ|08810|US,730290,hmorales,302.400000000,302.400000000
151821,1481023,74,Fulfilled,2026-03-04 15:09:27.067000,2026-03-12 00:00:00,2026-03-17 07:27:01.306000,DISTRICT MARKET-BWI AIRPORT,"2353 US HIGHWAY 130 STE
C/O WHSMITH-GXO",DAYTON,NJ,08810,US,DISTRICT MARKET-BWI AIRPORT|DAYTON|NJ|08810|US,730289,hmorales,302.400000000,302.400000000
151822,1481024,74,Fulfilled,2026-03-04 15:10:34.593000,2026-03-12 00:00:00,2026-03-17 07:27:02.032000,CITY ARTS MARKET-MCO AP,"CITY ARTS MARKET-MCO AP
6190 CARGO ROAD
c/o CRDC Facility.
Bradford Logistics",Orlando,FL,32827,US,CITY ARTS MARKET-MCO AP|Orlando|FL|32827|US,730287,hmorales,302.400000000,302.400000000
151823,1481025,74,Fulfilled,2026-03-04 15:11:30.676000,2026-03-12 00:00:00,2026-03-17 07:27:01.865000,MAINSTREET MARKET-MCO AIRPORT,"c/o CRDC Facility-Bradford Logistics
6190 CARGO ROAD",ORLANDO,FL,32827,US,MAINSTREET MARKET-MCO AIRPORT|ORLANDO|FL|32827|US,730285,hmorales,302.400000000,302.400000000
151824,1481026,74,Fulfilled,2026-03-04 15:13:03.144000,2026-03-12 00:00:00,2026-03-17 07:27:02.384000,REPLENISH-MCO AIRPORT,"c/o CRDC Facility-Bradford Logistics
6190 CARGO ROAD",ORLANDO,FL,32827,US,REPLENISH-MCO AIRPORT|ORLANDO|FL|32827|US,730284,hmorales,302.400000000,302.400000000
151988,1481034,74,Fulfilled,2026-03-06 10:45:55.060000,2026-03-16 00:00:00,2026-03-17 14:54:02.758000,LICK-DFW AIRPORT,"LICK-DFW AIRPORT
2610 N INTL PKWY
TERMINAL E GATE E34 SPACE 109 C",DALLAS,TX,75261,US,LICK-DFW AIRPORT|DALLAS|TX|75261|US,732511,cfortin,210.960000000,210.960000000
151989,1481035,74,Fulfilled,2026-03-06 10:51:57.123000,2026-03-16 00:00:00,2026-03-17 14:57:02.678000,LARIMER STREET MARKET-DEN AP,"WHSMITH C/O HYPERION
414 N BROADWAY UNIT C",Denver,CO,80203,US,LARIMER STREET MARKET-DEN AP|Denver|CO|80203|US,732514,cfortin,210.960000000,210.960000000
151990,1481036,74,Fulfilled,2026-03-06 10:53:57.495000,2026-03-16 00:00:00,2026-03-17 14:57:01.585000,DISTRICT MARKET-LGA AP,"C/O WHSMITH - GXO DC
2353 US HIGHWAY 130
STE A",Dayton,NJ,08810,US,DISTRICT MARKET-LGA AP|Dayton|NJ|08810|US,732515,cfortin,300.960000000,300.960000000
153497,1481112,74,Fulfilled,2026-03-19 11:31:19.601000,2026-03-24 00:00:00,2026-03-24 13:27:03.152000,La Palmas Oasis -- PSP,"La Palmas Oasis PSP
Palm Springs AIrport
3400 E Tahquitz Way",Palm Springs,CA,92262,US,La Palmas Oasis -- PSP|Palm Springs|CA|92262|US,739320,hmorales,270.000000000,270.000000000
153498,1481113,74,Fulfilled,2026-03-19 11:33:38.986000,2026-03-24 00:00:00,2026-03-24 15:27:02.319000,SIX POINTS MARKET-ORD AP,"SIX POINTS MARKET-ORD AP
ALM
520 OLD CARGO RD , TERMINAL 5 EAST DOCK",Chicago,IL,60666,US,SIX POINTS MARKET-ORD AP|Chicago|IL|60666|US,739323,hmorales,270.000000000,270.000000000
153499,1481114,74,Fulfilled,2026-03-19 11:35:36.555000,2026-03-23 00:00:00,2026-03-23 11:42:03.035000,LARIMER STREET MARKET-DEN AP,"LARIMER STREET MARKET-DEN AP
414 N BROADWAY UNIT C",Denver,CO,80203,US,LARIMER STREET MARKET-DEN AP|Denver|CO|80203|US,739330,hmorales,204.960000000,204.960000000
153500,1481115,74,Fulfilled,2026-03-19 11:37:33.279000,2026-03-24 00:00:00,2026-03-25 09:45:47.027000,LA CONFIDENTIAL- LAX AP,"LA CONFIDENTIAL- LAX AP
1924 E MAPLE AVE
UNIT B
C/O CREWS 1972",El Segundo,CA,90245,US,LA CONFIDENTIAL- LAX AP|El Segundo|CA|90245|US,739335,hmorales,355.440000000,355.440000000
153501,1481116,74,Fulfilled,2026-03-19 11:39:09.007000,2026-03-23 00:00:00,2026-03-23 11:39:01.964000,SILICON VALLEY NEWS-SFO AP,"SILICON VALLEY NEWS-SFO AP
100 INTERNATIONAL LOOP
TERM 3, F GATE",San Francisco,CA,94128,US,SILICON VALLEY NEWS-SFO AP|San Francisco|CA|94128|US,739337,hmorales,325.920000000,325.920000000
153502,1481117,74,Fulfilled,2026-03-19 11:40:47.575000,2026-03-24 00:00:00,2026-03-25 09:45:46.624000,NATALIES CANDY AT SEA-TAC  AP,"NATALIES CANDY AT SEA-TAC AP
17801 PACIFIC HIGHWAY SO
NORTH SATELLITE
SPACE NS-12",Seattle,WA,98158,US,NATALIES CANDY AT SEA-TAC  AP|Seattle|WA|98158|US,739338,hmorales,603.360000000,603.360000000
153503,1481118,74,Fulfilled,2026-03-19 11:42:11.006000,2026-03-24 00:00:00,2026-03-24 13:27:02.967000,SHOREPOINTS MARKET-EWR AIRPORT (T1),"SHOREPOINTS MARKET-EWR AIRPORT (T1)
2353 US HIGHWAY 130 STE A
C/O WHSMITH - GXO DC",DAYTON,NJ,08810,US,SHOREPOINTS MARKET-EWR AIRPORT (T1)|DAYTON|NJ|08810|US,739339,hmorales,258.000000000,258.000000000
153504,1481119,74,Fulfilled,2026-03-19 11:43:35.294000,2026-03-23 00:00:00,2026-03-23 11:39:02.322000,THE ARTS DISTRICT MARKET - SAN,"C/O BRADFORD AIRPORT LOGISTICS
2247 WEST WASHINGTON STREET",SAN DIEGO,CA,92110,US,THE ARTS DISTRICT MARKET - SAN|SAN DIEGO|CA|92110|US,739340,hmorales,241.920000000,241.920000000
154489,1481156,74,Fulfilled,2026-03-25 14:46:06.765000,2026-03-31 00:00:00,2026-03-31 14:08:43.304000,Eastbank Market @ PDX,"c/o Bradford Logistics
8975 NE Airport Way",Portland,OR,97220,US,Eastbank Market @ PDX|Portland|OR|97220|US,741640,cfortin,210.960000000,210.960000000
155973,1481195,74,Fulfilled,2026-04-02 13:31:22.220000,2026-04-13 00:00:00,2026-04-14 15:45:42.915000,EASTERN MARKET-DCA,"C/O WHSMITH-GXO
2353 US HIGHWAY 130 STE",Dayton,NJ,08810,US,EASTERN MARKET-DCA|Dayton|NJ|08810|US,744881,cfortin,423.360000000,423.360000000
155974,1481196,74,Fulfilled,2026-04-02 13:34:15.471000,2026-04-14 00:00:00,2026-04-17 11:03:10.830000,UPTOWN ESSENTIALS-PSP AP,"UPTOWN ESSENTIALS-PSP AP
3400 E TAHQUITZ WAY
AGUA CALIENTE CONCOURSE",Palm Springs,CA,92262,US,UPTOWN ESSENTIALS-PSP AP|Palm Springs|CA|92262|US,744858,cfortin,710.880000000,710.880000000
155975,1481197,74,Fulfilled,2026-04-02 13:52:09.543000,2026-04-14 00:00:00,2026-04-14 15:45:42.618000,MADE IN KC- MCI AP,"MADE IN KC- MCI AP
400 ATHENS AVE
NODE A, SPACE # CC2-030
C/O BRADFORD LOGISTICS",Kansas City,MO,64153,US,MADE IN KC- MCI AP|Kansas City|MO|64153|US,744862,cfortin,529.440000000,529.440000000
155976,1481198,74,Fulfilled,2026-04-02 13:56:34.086000,2026-04-14 00:00:00,2026-04-14 15:45:42.446000,GOTHAM NEWS-LGA AIRPORT,"C/O WHSMITH - GXO DC
2353 US HIGHWAY 130 STE A",DAYTON,NJ,08810,US,GOTHAM NEWS-LGA AIRPORT|DAYTON|NJ|08810|US,744864,cfortin,241.920000000,241.920000000
155977,1481199,74,Fulfilled,2026-04-02 14:01:47.364000,2026-04-14 00:00:00,2026-04-17 11:03:09.766000,LICK-DFW AIRPORT,"LICK-DFW AIRPORT
2610 N INTL PKWY
TERMINAL E GATE E34 SPACE 109 C",DALLAS,TX,75261,US,LICK-DFW AIRPORT|DALLAS|TX|75261|US,744868,cfortin,241.920000000,241.920000000
155978,1481200,74,Fulfilled,2026-04-02 14:05:35.110000,2026-04-14 00:00:00,2026-04-14 15:45:41.910000,FLIGHT STOP-DEN AIRPORT (GATE 33 &  55),"WHSMITH C/O HYPERION
414 N BROADWAY UNIT C",Denver,CO,80203,US,FLIGHT STOP-DEN AIRPORT (GATE 33 &  55)|Denver|CO|80203|US,744869,cfortin,294.960000000,294.960000000
155979,1481201,74,Fulfilled,2026-04-02 14:08:05.886000,2026-04-14 00:00:00,2026-04-14 15:45:43.571000,DISTRICT MARKET-SFO AP,"DISTRICT MARKET-SFO AP
3 N TERMINAL
Hub #F.2.030",San Francisco,CA,94128,US,DISTRICT MARKET-SFO AP|San Francisco|CA|94128|US,744870,cfortin,445.440000000,445.440000000
155980,1481202,74,Fulfilled,2026-04-02 14:12:10.235000,2026-04-14 00:00:00,2026-04-17 11:03:10.373000,THE WELL - SMF AP,"THE WELL - SMF AP
6900 AIRPORT BLVD
TERM A",Sacramento,CA,95837,US,THE WELL - SMF AP|Sacramento|CA|95837|US,744871,cfortin,529.440000000,529.440000000
155984,1481203,74,Fulfilled,2026-04-02 14:14:31.315000,2026-04-14 00:00:00,2026-04-14 15:45:43.197000,DC ARTS DISTRICT MARKET-DCA,"C/O WHSMITH- GXO
2353 US HIGHWAY 130 STE",Dayton,NJ,08810,US,DC ARTS DISTRICT MARKET-DCA|Dayton|NJ|08810|US,744880,cfortin,710.880000000,710.880000000
156299,1481225,74,Fulfilled,2026-04-07 11:49:34.798000,2026-04-07 00:00:00,2026-04-07 13:41:12.531000,0543 BARBUR FOODS - PDX,"C/O BRADFORD LOGISTICS
8975 NE AIRPORT WAY",PORTLAND,OR,97220,US,0543 BARBUR FOODS - PDX|PORTLAND|OR|97220|US,739709,hmorales,604.800000000,604.800000000
157229,1481368,74,Fulfilled,2026-04-17 07:19:49.641000,2026-04-20 00:00:00,2026-04-20 13:25:22.850000,TRAVEL + RIGHT-SLC,"3619 W 510 NORTH
C/O BRADFORD LOGISTICS",SALT LAKE CITY,UT,84116,US,TRAVEL + RIGHT-SLC|SALT LAKE CITY|UT|84116|US,748518,hmorales,210.960000000,210.960000000
157230,1481369,74,Fulfilled,2026-04-17 07:22:30.397000,2026-04-20 00:00:00,2026-04-20 11:18:45.585000,La Palmas Oasis -- PSP,"La Palmas Oasis PSP
Palm Springs AIrport
3400 E Tahquitz Way",Palm Springs,CA,92262,US,La Palmas Oasis -- PSP|Palm Springs|CA|92262|US,748495,hmorales,204.960000000,204.960000000
157231,1481370,74,Fulfilled,2026-04-17 07:24:55.970000,2026-04-20 00:00:00,2026-04-20 11:18:44.972000,PUBLIC MARKET-SLC AP,"PUBLIC MARKET-SLC AP
3619 W 510 NORTH
C/O CDR CTR Bradford Logistics",Salt Lake City,UT,84116,US,PUBLIC MARKET-SLC AP|Salt Lake City|UT|84116|US,748497,hmorales,204.960000000,204.960000000
157232,1481371,74,Fulfilled,2026-04-17 07:26:51.517000,2026-04-20 00:00:00,2026-04-20 13:25:23.799000,WH SMITH-DCA AP (T-CNC3),"C/O WHSMITH-GXO
2353 US HIGHWAY 130 ST",Dayton,NJ,08810,US,WH SMITH-DCA AP (T-CNC3)|Dayton|NJ|08810|US,748499,hmorales,241.920000000,241.920000000
157233,1481372,74,Fulfilled,2026-04-17 07:33:14.781000,2026-04-20 00:00:00,2026-04-20 12:00:47.596000,THE WELL - SMF AP,"THE WELL - SMF AP
6900 AIRPORT BLVD
TERM A",Sacramento,CA,95837,US,THE WELL - SMF AP|Sacramento|CA|95837|US,748504,hmorales,241.920000000,241.920000000
157234,1481373,74,Fulfilled,2026-04-17 07:35:10.143000,2026-04-20 00:00:00,2026-04-20 13:48:01.591000,SHOREPOINTS MARKET-EWR AIRPORT (T1),"SHOREPOINTS MARKET-EWR AIRPORT (T1)
2353 US HIGHWAY 130 STE A
C/O WHSMITH - GXO DC",DAYTON,NJ,08810,US,SHOREPOINTS MARKET-EWR AIRPORT (T1)|DAYTON|NJ|08810|US,748511,hmorales,360.000000000,360.000000000
157235,1481374,74,Fulfilled,2026-04-17 07:36:48.691000,2026-04-20 00:00:00,2026-04-20 13:25:24.284000,Eastbank Market @ PDX,"c/o Bradford Logistics
8975 NE Airport Way",Portland,OR,97220,US,Eastbank Market @ PDX|Portland|OR|97220|US,748512,hmorales,241.920000000,241.920000000
157236,1481375,74,Fulfilled,2026-04-17 07:38:57.596000,2026-04-20 00:00:00,2026-04-20 13:25:23.430000,THE ARTS DISTRICT MARKET - SAN,"C/O BRADFORD AIRPORT LOGISTICS
2247 WEST WASHINGTON STREET",SAN DIEGO,CA,92110,US,THE ARTS DISTRICT MARKET - SAN|SAN DIEGO|CA|92110|US,748513,hmorales,362.880000000,362.880000000
157237,1481376,74,Fulfilled,2026-04-17 07:40:32.070000,2026-04-20 00:00:00,2026-04-20 12:00:47.285000,Motown Greatest Hits #430 Suite 3-2,"Motown Greatest Hits
C/O Bradford Logistics
2588 World Gateway Place Suite T1-160",Detroit,MI,48242,US,Motown Greatest Hits #430 Suite 3-2|Detroit|MI|48242|US,748515,hmorales,270.000000000,270.000000000
159238,1481467,74,Issued,2026-05-01 07:41:19.273000,2026-05-04 00:00:00,,Penn's Landing @ PHL,"C/O WHSmith GXO DC: 
2353 US Highway 130 Ste A",Dayton,NJ,08810,US,Penn's Landing @ PHL|Dayton|NJ|08810|US,754081,hmorales,265.440000000,265.440000000
159239,1481468,74,Issued,2026-05-01 07:43:29.103000,2026-05-04 00:00:00,,Duke City Station @ ABQ,"ABQ FREIGHT TRANSPORT STATION
2200 KIRKLAND DR SE
SOUTH END OF BUILDING",ALBUQUERQUE,NM,87106,US,Duke City Station @ ABQ|ALBUQUERQUE|NM|87106|US,754082,hmorales,544.320000000,544.320000000
159240,1481469,74,Issued,2026-05-01 07:45:07.504000,2026-05-04 00:00:00,,Eastbank Market @ PDX,"c/o Bradford Logistics
8975 NE Airport Way",Portland,OR,97220,US,Eastbank Market @ PDX|Portland|OR|97220|US,754083,hmorales,294.960000000,294.960000000
159241,1481470,74,Issued,2026-05-01 07:46:19.447000,2026-05-04 00:00:00,,THE ARTS DISTRICT MARKET - SAN,"C/O BRADFORD AIRPORT LOGISTICS
2247 WEST WASHINGTON STREET",SAN DIEGO,CA,92110,US,THE ARTS DISTRICT MARKET - SAN|SAN DIEGO|CA|92110|US,754084,hmorales,362.880000000,362.880000000
159242,1481471,74,Issued,2026-05-01 07:47:32.782000,2026-05-04 00:00:00,,16TH & DOLORES-SFO AP (T2),"SFO AIRPORT-TERMINAL 2
SPACE D.2.325",SAN FRANCISCO,CA,94128,US,16TH & DOLORES-SFO AP (T2)|SAN FRANCISCO|CA|94128|US,754085,hmorales,423.360000000,423.360000000
159243,1481472,74,Issued,2026-05-01 07:48:51.599000,2026-05-04 00:00:00,,EASTERN MARKET-DCA,"C/O WHSMITH-GXO
2353 US HIGHWAY 130 STE",Dayton,NJ,08810,US,EASTERN MARKET-DCA|Dayton|NJ|08810|US,754088,hmorales,204.960000000,204.960000000
159244,1481473,74,Issued,2026-05-01 07:50:15.442000,2026-05-04 00:00:00,,SLC Public Market-SPace #CAE 2-003,"C/O CDR CTR Bradford Logistics
3619 W 510 North",Salt Lake City,UT,84116,US,SLC Public Market-SPace #CAE 2-003|Salt Lake City|UT|84116|US,754064,hmorales,392.400000000,392.400000000
159245,1481474,74,Issued,2026-05-01 07:52:04.277000,2026-05-04 00:00:00,,LICK-DFW AIRPORT,"LICK-DFW AIRPORT
2610 N INTL PKWY
TERMINAL E GATE E34 SPACE 109 C",DALLAS,TX,75261,US,LICK-DFW AIRPORT|DALLAS|TX|75261|US,754068,hmorales,241.920000000,241.920000000
159246,1481476,74,Issued,2026-05-01 07:53:22.432000,2026-05-04 00:00:00,,DISTRICT MARKET-SFO AP,"DISTRICT MARKET-SFO AP
3 N TERMINAL
Hub #F.2.030",San Francisco,CA,94128,US,DISTRICT MARKET-SFO AP|San Francisco|CA|94128|US,754070,hmorales,302.400000000,302.400000000
159248,1481477,74,Issued,2026-05-01 07:55:45.071000,2026-05-04 00:00:00,,DISTRICT MARKET-BWI AIRPORT,"2353 US HIGHWAY 130 STE
C/O WHSMITH-GXO",DAYTON,NJ,08810,US,DISTRICT MARKET-BWI AIRPORT|DAYTON|NJ|08810|US,754076,hmorales,294.960000000,294.960000000
159249,1481478,74,Issued,2026-05-01 07:57:24.653000,2026-05-04 00:00:00,,SILICON VALLEY NEWS-SFO AP,"SILICON VALLEY NEWS-SFO AP
100 INTERNATIONAL LOOP
TERM 3, F GATE",San Francisco,CA,94128,US,SILICON VALLEY NEWS-SFO AP|San Francisco|CA|94128|US,754079,hmorales,241.920000000,241.920000000
159250,1481479,74,Issued,2026-05-01 07:59:08.001000,2026-05-04 00:00:00,,NATALIES CANDY AT SEA-TAC  AP,"NATALIES CANDY AT SEA-TAC AP
17801 PACIFIC HIGHWAY SO
NORTH SATELLITE
SPACE NS-12",Seattle,WA,98158,US,NATALIES CANDY AT SEA-TAC  AP|Seattle|WA|98158|US,754080,hmorales,204.960000000,204.960000000
